"SampleID","AGOS38P1A0","AGOS38P1A16","AGOS38P1A8","AGOS38P1B14","AGOS38P1B7","AGOS42P6A0","AGOS42P6A16","AGOS42P6A8","AGOS42P6B14","AGOS42P6B7","AGOS44P4A0","AGOS44P4A16","AGOS44P4A8","AGOS44P4B14","AGOS44P4B7","AGOS46P1A0","AGOS46P1A16","AGOS46P1A8","AGOS46P1B14","AGOS46P1B7","AGOS48P4A0","AGOS48P4A16","AGOS48P4A8","AGOS48P4B14","AGOS48P4B7","AGOS50P1A16","AGOS50P1A8","AGOS50P1B14","AGOS50P1B7","AGOS53P1A16","AGOS53P1A8","AGOS53P1B14","AGOS53P1B7","AGOS54P5A16","AGOS54P5A8","AGOS54P5B14","AGOS54P5B7","AGOS56P1A0","AGOS56P1A16","AGOS56P1A8","AGOS56P1B14","AGOS56P1B7","AGOS57P4A0","AGOS57P4A16","AGOS57P4A8","AGOS57P4B14","AGOS57P4B7","AGOS58P6A0","AGOS58P6A16","AGOS58P6A8","AGOS58P6B14","AGOS58P6B7","AGOS60P3A0","AGOS60P3A16","AGOS60P3A8","AGOS60P3B14","AGOS60P3B7","CONS37P4A0","CONS37P4A16","CONS37P4A8","CONS37P4B14","CONS37P4B7","CONS39P1A0","CONS39P1A16","CONS39P1A8","CONS39P1B14","CONS39P1B7","CONS41P1A0","CONS41P1A16","CONS41P1A8","CONS41P1B14","CONS41P1B7","CONS43P5A0","CONS43P5A16","CONS43P5A8","CONS43P5B14","CONS43P5B7","CONS45P2A0","CONS45P2A16","CONS45P2A8","CONS45P2B14","CONS45P2B7","CONS47P6A0","CONS47P6A16","CONS47P6A8","CONS47P6B14","CONS47P6B7","CONS49P6A0","CONS49P6A16","CONS49P6A8","CONS49P6B14","CONS49P6B7","CONS51P3A0","CONS51P3A16","CONS51P3A8","CONS51P3B14","CONS51P3B7","CONS52P4A0","CONS52P4A16","CONS52P4A8","CONS52P4B14","CONS52P4B7","CONS55P5A0","CONS55P5A16","CONS55P5A8","CONS55P5B14","CONS55P5B7","CONS59P1A0","CONS59P1A16","CONS59P1A8","CONS59P1B14","CONS59P1B7","CONS61P4A0","CONS61P4A16","CONS61P4A8","CONS61P4B14","CONS61P4B7","CONS62P1A0","CONS62P1A16","CONS62P1A8","CONS62P1B14","CONS62P1B7","Feature.ID14"
"Treatment","1","1","1","1","1","6","6","6","6","6","4","4","4","4","4","1","1","1","1","1","4","4","4","4","4","1","1","1","1","1","1","1","1","5","5","5","5","1","1","1","1","1","4","4","4","4","4","6","6","6","6","6","3","3","3","3","3","4","4","4","4","4","1","1","1","1","1","1","1","1","1","1","5","5","5","5","5","2","2","2","2","2","6","6","6","6","6","6","6","6","6","6","3","3","3","3","3","4","4","4","4","4","5","5","5","5","5","1","1","1","1","1","4","4","4","4","4","1","1","1","1","1",NA
"Bacteria|Firmicutes|Clostridia|Clostridiales|Clostridiaceae|unclassified_Clostridiaceae",NA,NA,NA,"0.1096527413",NA,NA,NA,NA,"6.019371e-02",NA,NA,NA,NA,"0.1110063634",NA,NA,NA,NA,"0.0710722424",NA,NA,NA,NA,"8.407154e-02",NA,NA,NA,"0.1436291740",NA,NA,NA,"0.0743056565",NA,NA,NA,"8.013904e-02",NA,NA,NA,NA,"0.0837591824",NA,NA,NA,NA,"0.0412548346",NA,NA,NA,NA,"0.1092659446",NA,NA,NA,NA,"0.0697086063",NA,NA,NA,NA,"0.0718340184",NA,NA,NA,NA,"0.0741525424",NA,NA,NA,NA,"0.0858684985",NA,NA,NA,NA,"9.435090e-02",NA,NA,NA,NA,"0.0585865983",NA,NA,NA,NA,"8.893298e-02",NA,NA,NA,NA,"0.0992386958",NA,NA,NA,NA,"0.0870765370",NA,NA,NA,NA,"0.0845690077",NA,NA,NA,NA,"0.0601058860",NA,NA,NA,NA,"9.306828e-02",NA,NA,NA,NA,"0.0701307154",NA,NA,NA,NA,"0.0712207792",NA,"ASV1"
"Bacteria|Bacteroidetes|Bacteroidia|Bacteroidales|unclassified_Bacteroidales|unclassified_Bacteroidales",NA,NA,NA,"0.0226505663",NA,NA,NA,NA,"9.265189e-02",NA,NA,NA,NA,"0.0833136931",NA,NA,NA,NA,"0.0895485619",NA,NA,NA,NA,"4.604713e-02",NA,NA,NA,"0.0475395431",NA,NA,NA,"0.0974262033",NA,NA,NA,"6.309223e-02",NA,NA,NA,NA,"0.1076333440",NA,NA,NA,NA,"0.0351310700",NA,NA,NA,NA,"0.0261732852",NA,NA,NA,NA,"0.0467585272",NA,NA,NA,NA,"0.0430612644",NA,NA,NA,NA,"0.0990269931",NA,NA,NA,NA,"0.0375017524",NA,NA,NA,NA,"4.164591e-02",NA,NA,NA,NA,"0.0845111681",NA,NA,NA,NA,"5.654274e-02",NA,NA,NA,NA,"0.0128037527",NA,NA,NA,NA,"0.0768716018",NA,NA,NA,NA,"0.0965455434",NA,NA,NA,NA,"0.0989177826",NA,NA,NA,NA,"6.473699e-02",NA,NA,NA,NA,"0.0116613332",NA,NA,NA,NA,"0.1445194805",NA,"ASV10"
"Bacteria|Actinobacteria|Actinobacteria|Actinomycetales|Actinomycetaceae|Actinomyces",NA,NA,NA,"0.0000000000",NA,NA,NA,NA,"0.000000e+00",NA,NA,NA,NA,"0.0000000000",NA,NA,NA,NA,"0.0000000000",NA,NA,NA,NA,"0.000000e+00",NA,NA,NA,"0.0000000000",NA,NA,NA,"0.0000000000",NA,NA,NA,"0.000000e+00",NA,NA,NA,NA,"0.0000000000",NA,NA,NA,NA,"0.0000000000",NA,NA,NA,NA,"0.0000000000",NA,NA,NA,NA,"0.0000000000",NA,NA,NA,NA,"0.0000000000",NA,NA,NA,NA,"0.0000000000",NA,NA,NA,NA,"0.0000000000",NA,NA,NA,NA,"1.992627e-04",NA,NA,NA,NA,"0.0000000000",NA,NA,NA,NA,"0.000000e+00",NA,NA,NA,NA,"0.0000000000",NA,NA,NA,NA,"0.0000000000",NA,NA,NA,NA,"0.0000000000",NA,NA,NA,NA,"0.0000000000",NA,NA,NA,NA,"0.000000e+00",NA,NA,NA,NA,"0.0000000000",NA,NA,NA,NA,"0.0000000000",NA,"ASV100"
"Bacteria|TM7|TM7-3|CW040|F16|unclassified_F16",NA,NA,NA,"0.0000000000",NA,NA,NA,NA,"0.000000e+00",NA,NA,NA,NA,"0.0000000000",NA,NA,NA,NA,"0.0000000000",NA,NA,NA,NA,"2.089253e-04",NA,NA,NA,"0.0000000000",NA,NA,NA,"0.0000000000",NA,NA,NA,"1.904671e-04",NA,NA,NA,NA,"0.0000000000",NA,NA,NA,NA,"0.0000000000",NA,NA,NA,NA,"0.0000000000",NA,NA,NA,NA,"0.0000000000",NA,NA,NA,NA,"0.0000000000",NA,NA,NA,NA,"0.0000000000",NA,NA,NA,NA,"0.0000000000",NA,NA,NA,NA,"0.000000e+00",NA,NA,NA,NA,"0.0000000000",NA,NA,NA,NA,"0.000000e+00",NA,NA,NA,NA,"0.0000000000",NA,NA,NA,NA,"0.0000000000",NA,NA,NA,NA,"0.0000000000",NA,NA,NA,NA,"0.0000000000",NA,NA,NA,NA,"0.000000e+00",NA,NA,NA,NA,"0.0000000000",NA,NA,NA,NA,"0.0000000000",NA,"ASV101"
"Bacteria|Lentisphaerae|[Lentisphaeria]|Z20|R4-45B|unclassified_R4-45B",NA,NA,NA,"0.0000000000",NA,NA,NA,NA,"1.200672e-04",NA,NA,NA,NA,"0.0000000000",NA,NA,NA,NA,"0.0000000000",NA,NA,NA,NA,"0.000000e+00",NA,NA,NA,"0.0000000000",NA,NA,NA,"0.0000000000",NA,NA,NA,"0.000000e+00",NA,NA,NA,NA,"0.0000000000",NA,NA,NA,NA,"0.0000000000",NA,NA,NA,NA,"0.0000000000",NA,NA,NA,NA,"0.0000000000",NA,NA,NA,NA,"0.0000000000",NA,NA,NA,NA,"0.0000000000",NA,NA,NA,NA,"0.0000000000",NA,NA,NA,NA,"0.000000e+00",NA,NA,NA,NA,"0.0000000000",NA,NA,NA,NA,"0.000000e+00",NA,NA,NA,NA,"0.0000000000",NA,NA,NA,NA,"0.0000000000",NA,NA,NA,NA,"0.0000000000",NA,NA,NA,NA,"0.0000000000",NA,NA,NA,NA,"0.000000e+00",NA,NA,NA,NA,"0.0001627163",NA,NA,NA,NA,"0.0000000000",NA,"ASV102"
"Bacteria|Firmicutes|Clostridia|Clostridiales|Lachnospiraceae|Anaerostipes",NA,NA,NA,"0.0000000000",NA,NA,NA,NA,"0.000000e+00",NA,NA,NA,NA,"0.0007070469",NA,NA,NA,NA,"0.0000000000",NA,NA,NA,NA,"0.000000e+00",NA,NA,NA,"0.0000000000",NA,NA,NA,"0.0000000000",NA,NA,NA,"0.000000e+00",NA,NA,NA,NA,"0.0000000000",NA,NA,NA,NA,"0.0000000000",NA,NA,NA,NA,"0.0000000000",NA,NA,NA,NA,"0.0000000000",NA,NA,NA,NA,"0.0000000000",NA,NA,NA,NA,"0.0000000000",NA,NA,NA,NA,"0.0000000000",NA,NA,NA,NA,"0.000000e+00",NA,NA,NA,NA,"0.0000000000",NA,NA,NA,NA,"0.000000e+00",NA,NA,NA,NA,"0.0000000000",NA,NA,NA,NA,"0.0000000000",NA,NA,NA,NA,"0.0000000000",NA,NA,NA,NA,"0.0000000000",NA,NA,NA,NA,"0.000000e+00",NA,NA,NA,NA,"0.0000000000",NA,NA,NA,NA,"0.0004155844",NA,"ASV103"
"Bacteria|Proteobacteria|Alphaproteobacteria|Rickettsiales|unclassified_Rickettsiales|unclassified_Rickettsiales",NA,NA,NA,"0.0000000000",NA,NA,NA,NA,"0.000000e+00",NA,NA,NA,NA,"0.0000000000",NA,NA,NA,NA,"0.0004311141",NA,NA,NA,NA,"0.000000e+00",NA,NA,NA,"0.0000000000",NA,NA,NA,"0.0000000000",NA,NA,NA,"0.000000e+00",NA,NA,NA,NA,"0.0000000000",NA,NA,NA,NA,"0.0000000000",NA,NA,NA,NA,"0.0000000000",NA,NA,NA,NA,"0.0000000000",NA,NA,NA,NA,"0.0000000000",NA,NA,NA,NA,"0.0000000000",NA,NA,NA,NA,"0.0000000000",NA,NA,NA,NA,"0.000000e+00",NA,NA,NA,NA,"0.0000000000",NA,NA,NA,NA,"0.000000e+00",NA,NA,NA,NA,"0.0000000000",NA,NA,NA,NA,"0.0000000000",NA,NA,NA,NA,"0.0000000000",NA,NA,NA,NA,"0.0000000000",NA,NA,NA,NA,"0.000000e+00",NA,NA,NA,NA,"0.0000000000",NA,NA,NA,NA,"0.0000000000",NA,"ASV104"
"Bacteria|Actinobacteria|Coriobacteriia|Coriobacteriales|Coriobacteriaceae|Olsenella",NA,NA,NA,"0.0000000000",NA,NA,NA,NA,"0.000000e+00",NA,NA,NA,NA,"0.0000000000",NA,NA,NA,NA,"0.0000000000",NA,NA,NA,NA,"3.760655e-04",NA,NA,NA,"0.0000000000",NA,NA,NA,"0.0000000000",NA,NA,NA,"0.000000e+00",NA,NA,NA,NA,"0.0000000000",NA,NA,NA,NA,"0.0000000000",NA,NA,NA,NA,"0.0000000000",NA,NA,NA,NA,"0.0000000000",NA,NA,NA,NA,"0.0000000000",NA,NA,NA,NA,"0.0000000000",NA,NA,NA,NA,"0.0000000000",NA,NA,NA,NA,"0.000000e+00",NA,NA,NA,NA,"0.0000000000",NA,NA,NA,NA,"0.000000e+00",NA,NA,NA,NA,"0.0000000000",NA,NA,NA,NA,"0.0000000000",NA,NA,NA,NA,"0.0000000000",NA,NA,NA,NA,"0.0000000000",NA,NA,NA,NA,"0.000000e+00",NA,NA,NA,NA,"0.0000000000",NA,NA,NA,NA,"0.0000000000",NA,"ASV105"
"Bacteria|Tenericutes|Mollicutes|Mycoplasmatales|Mycoplasmataceae|unclassified_Mycoplasmataceae",NA,NA,NA,"0.0000000000",NA,NA,NA,NA,"0.000000e+00",NA,NA,NA,NA,"0.0000000000",NA,NA,NA,NA,"0.0000000000",NA,NA,NA,NA,"1.671402e-04",NA,NA,NA,"0.0000000000",NA,NA,NA,"0.0000000000",NA,NA,NA,"0.000000e+00",NA,NA,NA,NA,"0.0000000000",NA,NA,NA,NA,"0.0000000000",NA,NA,NA,NA,"0.0000000000",NA,NA,NA,NA,"0.0000000000",NA,NA,NA,NA,"0.0000000000",NA,NA,NA,NA,"0.0000000000",NA,NA,NA,NA,"0.0000000000",NA,NA,NA,NA,"0.000000e+00",NA,NA,NA,NA,"0.0000000000",NA,NA,NA,NA,"0.000000e+00",NA,NA,NA,NA,"0.0000000000",NA,NA,NA,NA,"0.0000000000",NA,NA,NA,NA,"0.0000000000",NA,NA,NA,NA,"0.0000000000",NA,NA,NA,NA,"0.000000e+00",NA,NA,NA,NA,"0.0000000000",NA,NA,NA,NA,"0.0000000000",NA,"ASV106"
"Bacteria|Spirochaetes|Spirochaetes|Sphaerochaetales|Sphaerochaetaceae|Sphaerochaeta",NA,NA,NA,"0.0000000000",NA,NA,NA,NA,"0.000000e+00",NA,NA,NA,NA,"0.0000000000",NA,NA,NA,NA,"0.0000000000",NA,NA,NA,NA,"3.342805e-04",NA,NA,NA,"0.0000000000",NA,NA,NA,"0.0000000000",NA,NA,NA,"0.000000e+00",NA,NA,NA,NA,"0.0000000000",NA,NA,NA,NA,"0.0000000000",NA,NA,NA,NA,"0.0000000000",NA,NA,NA,NA,"0.0000000000",NA,NA,NA,NA,"0.0000000000",NA,NA,NA,NA,"0.0000000000",NA,NA,NA,NA,"0.0000000000",NA,NA,NA,NA,"0.000000e+00",NA,NA,NA,NA,"0.0000000000",NA,NA,NA,NA,"0.000000e+00",NA,NA,NA,NA,"0.0000000000",NA,NA,NA,NA,"0.0000000000",NA,NA,NA,NA,"0.0000000000",NA,NA,NA,NA,"0.0000000000",NA,NA,NA,NA,"0.000000e+00",NA,NA,NA,NA,"0.0000000000",NA,NA,NA,NA,"0.0000000000",NA,"ASV107"
"Bacteria|Cyanobacteria|Chloroplast|Streptophyta|unclassified_Streptophyta|unclassified_Streptophyta",NA,NA,NA,"0.0000000000",NA,NA,NA,NA,"0.000000e+00",NA,NA,NA,NA,"0.0000000000",NA,NA,NA,NA,"0.0000000000",NA,NA,NA,NA,"8.357012e-05",NA,NA,NA,"0.0000000000",NA,NA,NA,"0.0000000000",NA,NA,NA,"0.000000e+00",NA,NA,NA,NA,"0.0000000000",NA,NA,NA,NA,"0.0000000000",NA,NA,NA,NA,"0.0000000000",NA,NA,NA,NA,"0.0000000000",NA,NA,NA,NA,"0.0000000000",NA,NA,NA,NA,"0.0000000000",NA,NA,NA,NA,"0.0000000000",NA,NA,NA,NA,"0.000000e+00",NA,NA,NA,NA,"0.0000000000",NA,NA,NA,NA,"0.000000e+00",NA,NA,NA,NA,"0.0000000000",NA,NA,NA,NA,"0.0000000000",NA,NA,NA,NA,"0.0000000000",NA,NA,NA,NA,"0.0000000000",NA,NA,NA,NA,"0.000000e+00",NA,NA,NA,NA,"0.0000000000",NA,NA,NA,NA,"0.0000000000",NA,"ASV108"
"Bacteria|Actinobacteria|Actinobacteria|Actinomycetales|Micrococcaceae|Kocuria",NA,NA,NA,"0.0003750094",NA,NA,NA,NA,"0.000000e+00",NA,NA,NA,NA,"0.0000000000",NA,NA,NA,NA,"0.0000000000",NA,NA,NA,NA,"0.000000e+00",NA,NA,NA,"0.0000000000",NA,NA,NA,"0.0000000000",NA,NA,NA,"0.000000e+00",NA,NA,NA,NA,"0.0000000000",NA,NA,NA,NA,"0.0000000000",NA,NA,NA,NA,"0.0000000000",NA,NA,NA,NA,"0.0000000000",NA,NA,NA,NA,"0.0000000000",NA,NA,NA,NA,"0.0000000000",NA,NA,NA,NA,"0.0000000000",NA,NA,NA,NA,"0.000000e+00",NA,NA,NA,NA,"0.0000000000",NA,NA,NA,NA,"0.000000e+00",NA,NA,NA,NA,"0.0000000000",NA,NA,NA,NA,"0.0000000000",NA,NA,NA,NA,"0.0000000000",NA,NA,NA,NA,"0.0000000000",NA,NA,NA,NA,"0.000000e+00",NA,NA,NA,NA,"0.0000000000",NA,NA,NA,NA,"0.0000000000",NA,"ASV109"
"Bacteria|Firmicutes|Clostridia|Clostridiales|Peptostreptococcaceae|unclassified_Peptostreptococcaceae",NA,NA,NA,"0.0121503038",NA,NA,NA,NA,"8.644841e-03",NA,NA,NA,NA,"0.0173226491",NA,NA,NA,NA,"0.0056660713",NA,NA,NA,NA,"1.303694e-02",NA,NA,NA,"0.0158611599",NA,NA,NA,"0.0170132325",NA,NA,NA,"1.738012e-02",NA,NA,NA,NA,"0.0128553178",NA,NA,NA,NA,"0.0142887838",NA,NA,NA,NA,"0.0173886883",NA,NA,NA,NA,"0.0209170996",NA,NA,NA,NA,"0.0076335878",NA,NA,NA,NA,"0.0046296296",NA,NA,NA,NA,"0.0107948970",NA,NA,NA,NA,"1.763475e-02",NA,NA,NA,NA,"0.0110582204",NA,NA,NA,NA,"1.181748e-02",NA,NA,NA,NA,"0.0108812673",NA,NA,NA,NA,"0.0169803430",NA,NA,NA,NA,"0.0134430504",NA,NA,NA,NA,"0.0133914668",NA,NA,NA,NA,"1.407121e-02",NA,NA,NA,NA,"0.0092205890",NA,NA,NA,NA,"0.0160000000",NA,"ASV11"
"Bacteria|Firmicutes|Clostridia|Clostridiales|[Tissierellaceae]|Peptoniphilus",NA,NA,NA,"0.0000000000",NA,NA,NA,NA,"0.000000e+00",NA,NA,NA,NA,"0.0000000000",NA,NA,NA,NA,"0.0000000000",NA,NA,NA,NA,"0.000000e+00",NA,NA,NA,"0.0000000000",NA,NA,NA,"0.0000000000",NA,NA,NA,"0.000000e+00",NA,NA,NA,NA,"0.0000000000",NA,NA,NA,NA,"0.0000000000",NA,NA,NA,NA,"0.0000000000",NA,NA,NA,NA,"0.0000000000",NA,NA,NA,NA,"0.0000000000",NA,NA,NA,NA,"0.0000000000",NA,NA,NA,NA,"0.0000000000",NA,NA,NA,NA,"0.000000e+00",NA,NA,NA,NA,"0.0000000000",NA,NA,NA,NA,"0.000000e+00",NA,NA,NA,NA,"0.0000000000",NA,NA,NA,NA,"0.0000000000",NA,NA,NA,NA,"0.0000000000",NA,NA,NA,NA,"0.0000000000",NA,NA,NA,NA,"1.416564e-04",NA,NA,NA,NA,"0.0000000000",NA,NA,NA,NA,"0.0000000000",NA,"ASV110"
"Bacteria|Proteobacteria|Alphaproteobacteria|RF32|unclassified_RF32|unclassified_RF32",NA,NA,NA,"0.0002250056",NA,NA,NA,NA,"0.000000e+00",NA,NA,NA,NA,"0.0000000000",NA,NA,NA,NA,"0.0000000000",NA,NA,NA,NA,"0.000000e+00",NA,NA,NA,"0.0000000000",NA,NA,NA,"0.0000000000",NA,NA,NA,"0.000000e+00",NA,NA,NA,NA,"0.0000000000",NA,NA,NA,NA,"0.0000000000",NA,NA,NA,NA,"0.0000000000",NA,NA,NA,NA,"0.0000000000",NA,NA,NA,NA,"0.0000000000",NA,NA,NA,NA,"0.0000000000",NA,NA,NA,NA,"0.0000000000",NA,NA,NA,NA,"9.963136e-05",NA,NA,NA,NA,"0.0000000000",NA,NA,NA,NA,"8.625895e-05",NA,NA,NA,NA,"0.0000000000",NA,NA,NA,NA,"0.0000000000",NA,NA,NA,NA,"0.0000000000",NA,NA,NA,NA,"0.0000000000",NA,NA,NA,NA,"0.000000e+00",NA,NA,NA,NA,"0.0000000000",NA,NA,NA,NA,"0.0000000000",NA,"ASV111"
"Bacteria|Firmicutes|Clostridia|Clostridiales|Veillonellaceae|Acidaminococcus",NA,NA,NA,"0.0000000000",NA,NA,NA,NA,"0.000000e+00",NA,NA,NA,NA,"0.0000000000",NA,NA,NA,NA,"0.0000000000",NA,NA,NA,NA,"0.000000e+00",NA,NA,NA,"0.0000000000",NA,NA,NA,"0.0000000000",NA,NA,NA,"0.000000e+00",NA,NA,NA,NA,"0.0000000000",NA,NA,NA,NA,"0.0000000000",NA,NA,NA,NA,"0.0000000000",NA,NA,NA,NA,"0.0000000000",NA,NA,NA,NA,"0.0001957330",NA,NA,NA,NA,"0.0000000000",NA,NA,NA,NA,"0.0000000000",NA,NA,NA,NA,"0.000000e+00",NA,NA,NA,NA,"0.0000000000",NA,NA,NA,NA,"0.000000e+00",NA,NA,NA,NA,"0.0000000000",NA,NA,NA,NA,"0.0000000000",NA,NA,NA,NA,"0.0000000000",NA,NA,NA,NA,"0.0000000000",NA,NA,NA,NA,"0.000000e+00",NA,NA,NA,NA,"0.0000000000",NA,NA,NA,NA,"0.0000000000",NA,"ASV112"
"Bacteria|Elusimicrobia|Elusimicrobia|Elusimicrobiales|Elusimicrobiaceae|Elusimicrobium",NA,NA,NA,"0.0000000000",NA,NA,NA,NA,"0.000000e+00",NA,NA,NA,NA,"0.0000000000",NA,NA,NA,NA,"0.0000000000",NA,NA,NA,NA,"0.000000e+00",NA,NA,NA,"0.0000000000",NA,NA,NA,"0.0000000000",NA,NA,NA,"0.000000e+00",NA,NA,NA,NA,"0.0000000000",NA,NA,NA,NA,"0.0000000000",NA,NA,NA,NA,"0.0000000000",NA,NA,NA,NA,"0.0000000000",NA,NA,NA,NA,"0.0000000000",NA,NA,NA,NA,"0.0000000000",NA,NA,NA,NA,"0.0000000000",NA,NA,NA,NA,"0.000000e+00",NA,NA,NA,NA,"0.0000000000",NA,NA,NA,NA,"0.000000e+00",NA,NA,NA,NA,"0.0000000000",NA,NA,NA,NA,"0.0000000000",NA,NA,NA,NA,"0.0000000000",NA,NA,NA,NA,"0.0001167860",NA,NA,NA,NA,"0.000000e+00",NA,NA,NA,NA,"0.0000000000",NA,NA,NA,NA,"0.0000000000",NA,"ASV113"
"Bacteria|Proteobacteria|Alphaproteobacteria|unclassified_Alphaproteobacteria|unclassified_Alphaproteobacteria|unclassified_Alphaproteobacteria",NA,NA,NA,"0.0000000000",NA,NA,NA,NA,"0.000000e+00",NA,NA,NA,NA,"0.0000000000",NA,NA,NA,NA,"0.0001231755",NA,NA,NA,NA,"0.000000e+00",NA,NA,NA,"0.0000000000",NA,NA,NA,"0.0000000000",NA,NA,NA,"0.000000e+00",NA,NA,NA,NA,"0.0000000000",NA,NA,NA,NA,"0.0000000000",NA,NA,NA,NA,"0.0000000000",NA,NA,NA,NA,"0.0000000000",NA,NA,NA,NA,"0.0000000000",NA,NA,NA,NA,"0.0000000000",NA,NA,NA,NA,"0.0000000000",NA,NA,NA,NA,"0.000000e+00",NA,NA,NA,NA,"0.0000000000",NA,NA,NA,NA,"0.000000e+00",NA,NA,NA,NA,"0.0000000000",NA,NA,NA,NA,"0.0000000000",NA,NA,NA,NA,"0.0001629461",NA,NA,NA,NA,"0.0000000000",NA,NA,NA,NA,"0.000000e+00",NA,NA,NA,NA,"0.0000000000",NA,NA,NA,NA,"0.0000000000",NA,"ASV114"
"Bacteria|unclassified_Bacteria|unclassified_Bacteria|unclassified_Bacteria|unclassified_Bacteria|unclassified_Bacteria",NA,NA,NA,"0.0000000000",NA,NA,NA,NA,"0.000000e+00",NA,NA,NA,NA,"0.0000000000",NA,NA,NA,NA,"0.0000000000",NA,NA,NA,NA,"0.000000e+00",NA,NA,NA,"0.0000000000",NA,NA,NA,"0.0001454122",NA,NA,NA,"0.000000e+00",NA,NA,NA,NA,"0.0000000000",NA,NA,NA,NA,"0.0000000000",NA,NA,NA,NA,"0.0000000000",NA,NA,NA,NA,"0.0000000000",NA,NA,NA,NA,"0.0000000000",NA,NA,NA,NA,"0.0000000000",NA,NA,NA,NA,"0.0000000000",NA,NA,NA,NA,"0.000000e+00",NA,NA,NA,NA,"0.0000000000",NA,NA,NA,NA,"0.000000e+00",NA,NA,NA,NA,"0.0000000000",NA,NA,NA,NA,"0.0000000000",NA,NA,NA,NA,"0.0000000000",NA,NA,NA,NA,"0.0000000000",NA,NA,NA,NA,"0.000000e+00",NA,NA,NA,NA,"0.0000000000",NA,NA,NA,NA,"0.0000000000",NA,"ASV115"
"Bacteria|Tenericutes|unclassified_Tenericutes|unclassified_Tenericutes|unclassified_Tenericutes|unclassified_Tenericutes",NA,NA,NA,"0.0000000000",NA,NA,NA,NA,"0.000000e+00",NA,NA,NA,NA,"0.0000000000",NA,NA,NA,NA,"0.0000000000",NA,NA,NA,NA,"0.000000e+00",NA,NA,NA,"0.0000000000",NA,NA,NA,"0.0000000000",NA,NA,NA,"9.523356e-05",NA,NA,NA,NA,"0.0000000000",NA,NA,NA,NA,"0.0000000000",NA,NA,NA,NA,"0.0000000000",NA,NA,NA,NA,"0.0000000000",NA,NA,NA,NA,"0.0000000000",NA,NA,NA,NA,"0.0000000000",NA,NA,NA,NA,"0.0000000000",NA,NA,NA,NA,"0.000000e+00",NA,NA,NA,NA,"0.0000000000",NA,NA,NA,NA,"0.000000e+00",NA,NA,NA,NA,"0.0000000000",NA,NA,NA,NA,"0.0000000000",NA,NA,NA,NA,"0.0000000000",NA,NA,NA,NA,"0.0000000000",NA,NA,NA,NA,"0.000000e+00",NA,NA,NA,NA,"0.0000000000",NA,NA,NA,NA,"0.0000000000",NA,"ASV116"
"Bacteria|Proteobacteria|Betaproteobacteria|Tremblayales|unclassified_Tremblayales|unclassified_Tremblayales",NA,NA,NA,"0.0000000000",NA,NA,NA,NA,"0.000000e+00",NA,NA,NA,NA,"0.0000000000",NA,NA,NA,NA,"0.0000000000",NA,NA,NA,NA,"0.000000e+00",NA,NA,NA,"0.0000000000",NA,NA,NA,"0.0000000000",NA,NA,NA,"0.000000e+00",NA,NA,NA,NA,"0.0000000000",NA,NA,NA,NA,"0.0000000000",NA,NA,NA,NA,"0.0000000000",NA,NA,NA,NA,"0.0000000000",NA,NA,NA,NA,"0.0001304887",NA,NA,NA,NA,"0.0000000000",NA,NA,NA,NA,"0.0000000000",NA,NA,NA,NA,"0.000000e+00",NA,NA,NA,NA,"0.0000000000",NA,NA,NA,NA,"0.000000e+00",NA,NA,NA,NA,"0.0000000000",NA,NA,NA,NA,"0.0000000000",NA,NA,NA,NA,"0.0000000000",NA,NA,NA,NA,"0.0000000000",NA,NA,NA,NA,"0.000000e+00",NA,NA,NA,NA,"0.0000000000",NA,NA,NA,NA,"0.0000000000",NA,"ASV117"
"Bacteria|Actinobacteria|Actinobacteria|Actinomycetales|Dietziaceae|Dietzia",NA,NA,NA,"0.0000000000",NA,NA,NA,NA,"0.000000e+00",NA,NA,NA,NA,"0.0000000000",NA,NA,NA,NA,"0.0000000000",NA,NA,NA,NA,"0.000000e+00",NA,NA,NA,"0.0000000000",NA,NA,NA,"0.0000000000",NA,NA,NA,"0.000000e+00",NA,NA,NA,NA,"0.0000000000",NA,NA,NA,NA,"0.0000000000",NA,NA,NA,NA,"0.0000000000",NA,NA,NA,NA,"0.0000000000",NA,NA,NA,NA,"0.0000000000",NA,NA,NA,NA,"0.0000000000",NA,NA,NA,NA,"0.0000000000",NA,NA,NA,NA,"0.000000e+00",NA,NA,NA,NA,"0.0000000000",NA,NA,NA,NA,"0.000000e+00",NA,NA,NA,NA,"0.0000000000",NA,NA,NA,NA,"0.0001672940",NA,NA,NA,NA,"0.0000000000",NA,NA,NA,NA,"0.0000000000",NA,NA,NA,NA,"0.000000e+00",NA,NA,NA,NA,"0.0000000000",NA,NA,NA,NA,"0.0000000000",NA,"ASV118"
"Bacteria|Proteobacteria|Betaproteobacteria|Nitrosomonadales|unclassified_Nitrosomonadales|unclassified_Nitrosomonadales",NA,NA,NA,"0.0000000000",NA,NA,NA,NA,"0.000000e+00",NA,NA,NA,NA,"0.0000000000",NA,NA,NA,NA,"0.0000000000",NA,NA,NA,NA,"0.000000e+00",NA,NA,NA,"0.0000000000",NA,NA,NA,"0.0000000000",NA,NA,NA,"0.000000e+00",NA,NA,NA,NA,"0.0000000000",NA,NA,NA,NA,"0.0000000000",NA,NA,NA,NA,"0.0000000000",NA,NA,NA,NA,"0.0000000000",NA,NA,NA,NA,"0.0000000000",NA,NA,NA,NA,"0.0000000000",NA,NA,NA,NA,"0.0000000000",NA,NA,NA,NA,"0.000000e+00",NA,NA,NA,NA,"0.0000000000",NA,NA,NA,NA,"0.000000e+00",NA,NA,NA,NA,"0.0000000000",NA,NA,NA,NA,"0.0000000000",NA,NA,NA,NA,"0.0000000000",NA,NA,NA,NA,"0.0000000000",NA,NA,NA,NA,"0.000000e+00",NA,NA,NA,NA,"0.0001084775",NA,NA,NA,NA,"0.0000000000",NA,"ASV119"
"Bacteria|Firmicutes|Clostridia|Clostridiales|Ruminococcaceae|Ruminococcus",NA,NA,NA,"0.0041251031",NA,NA,NA,NA,"2.401345e-02",NA,NA,NA,NA,"0.0049493283",NA,NA,NA,NA,"0.0138572396",NA,NA,NA,NA,"1.245195e-02",NA,NA,NA,"0.0037785589",NA,NA,NA,"0.0138868693",NA,NA,NA,"9.475739e-03",NA,NA,NA,NA,"0.0182848930",NA,NA,NA,NA,"0.0151482596",NA,NA,NA,NA,"0.0104091456",NA,NA,NA,NA,"0.0257058956",NA,NA,NA,NA,"0.0225092973",NA,NA,NA,NA,"0.0170276208",NA,NA,NA,NA,"0.0123370251",NA,NA,NA,NA,"1.210521e-02",NA,NA,NA,NA,"0.0332478945",NA,NA,NA,NA,"5.391184e-03",NA,NA,NA,NA,"0.0052676100",NA,NA,NA,NA,"0.0125470514",NA,NA,NA,NA,"0.0105914942",NA,NA,NA,NA,"0.0268607910",NA,NA,NA,NA,"1.435452e-02",NA,NA,NA,NA,"0.0186581331",NA,NA,NA,NA,"0.0208831169",NA,"ASV12"
"Bacteria|Actinobacteria|Coriobacteriia|Coriobacteriales|Coriobacteriaceae|unclassified_Coriobacteriaceae",NA,NA,NA,"0.0137253431",NA,NA,NA,NA,"1.048587e-02",NA,NA,NA,NA,"0.0090737686",NA,NA,NA,NA,"0.0092997475",NA,NA,NA,NA,"4.638141e-03",NA,NA,NA,"0.0087873462",NA,NA,NA,"0.0161407591",NA,NA,NA,"8.666254e-03",NA,NA,NA,NA,"0.0171670393",NA,NA,NA,NA,"0.0133218737",NA,NA,NA,NA,"0.0119133574",NA,NA,NA,NA,"0.0136435509",NA,NA,NA,NA,"0.0076988321",NA,NA,NA,NA,"0.0103578154",NA,NA,NA,NA,"0.0125473153",NA,NA,NA,NA,"1.135798e-02",NA,NA,NA,NA,"0.0103258880",NA,NA,NA,NA,"1.354266e-02",NA,NA,NA,NA,"0.0139572439",NA,NA,NA,NA,"0.0132162275",NA,NA,NA,NA,"0.0070066808",NA,NA,NA,NA,"0.0051775148",NA,NA,NA,NA,"9.632638e-03",NA,NA,NA,NA,"0.0075391875",NA,NA,NA,NA,"0.0075844156",NA,"ASV13"
"Bacteria|Bacteroidetes|Bacteroidia|Bacteroidales|Prevotellaceae|Prevotella",NA,NA,NA,"0.0614265357",NA,NA,NA,NA,"9.465301e-02",NA,NA,NA,NA,"0.0292246052",NA,NA,NA,NA,"0.0959536860",NA,NA,NA,NA,"2.799599e-02",NA,NA,NA,"0.0739015817",NA,NA,NA,"0.0957539625",NA,NA,NA,"4.971192e-02",NA,NA,NA,NA,"0.0956563398",NA,NA,NA,NA,"0.0961538462",NA,NA,NA,NA,"0.0318892900",NA,NA,NA,NA,"0.0665461938",NA,NA,NA,NA,"0.1218764272",NA,NA,NA,NA,"0.0800376648",NA,NA,NA,NA,"0.0767559232",NA,NA,NA,NA,"8.319219e-02",NA,NA,NA,NA,"0.0667154888",NA,NA,NA,NA,"6.654878e-02",NA,NA,NA,NA,"0.0855505998",NA,NA,NA,NA,"0.0407360937",NA,NA,NA,NA,"0.0638748574",NA,NA,NA,NA,"0.0427826222",NA,NA,NA,NA,"8.862971e-02",NA,NA,NA,NA,"0.0836904052",NA,NA,NA,NA,"0.0909090909",NA,"ASV14"
"Bacteria|Firmicutes|Clostridia|Clostridiales|Lachnospiraceae|unclassified_Lachnospiraceae",NA,NA,NA,"0.0190504763",NA,NA,NA,NA,"1.536861e-02",NA,NA,NA,NA,"0.0096629743",NA,NA,NA,NA,"0.0260516105",NA,NA,NA,NA,"2.009861e-02",NA,NA,NA,"0.0091827768",NA,NA,NA,"0.0198487713",NA,NA,NA,"1.990381e-02",NA,NA,NA,NA,"0.0171670393",NA,NA,NA,NA,"0.0050494199",NA,NA,NA,NA,"0.0107099880",NA,NA,NA,NA,"0.0141856788",NA,NA,NA,NA,"0.0110915378",NA,NA,NA,NA,"0.0140458255",NA,NA,NA,NA,"0.0140894434",NA,NA,NA,NA,"1.036166e-02",NA,NA,NA,NA,"0.0151592823",NA,NA,NA,NA,"1.259381e-02",NA,NA,NA,NA,"0.0159566287",NA,NA,NA,NA,"0.0194897532",NA,NA,NA,NA,"0.0158872413",NA,NA,NA,NA,"0.0135082529",NA,NA,NA,NA,"1.633771e-02",NA,NA,NA,NA,"0.0073222325",NA,NA,NA,NA,"0.0205194805",NA,"ASV15"
"Bacteria|Planctomycetes|Planctomycetia|Pirellulales|Pirellulaceae|unclassified_Pirellulaceae",NA,NA,NA,"0.0079501988",NA,NA,NA,NA,"0.000000e+00",NA,NA,NA,NA,"0.0008248881",NA,NA,NA,NA,"0.0024019215",NA,NA,NA,NA,"6.602039e-03",NA,NA,NA,"0.0043497364",NA,NA,NA,"0.0000000000",NA,NA,NA,"1.380887e-03",NA,NA,NA,NA,"0.0005589269",NA,NA,NA,NA,"0.0005371723",NA,NA,NA,NA,"0.0006016847",NA,NA,NA,NA,"0.0002710639",NA,NA,NA,NA,"0.0023487962",NA,NA,NA,NA,"0.0000000000",NA,NA,NA,NA,"0.0000000000",NA,NA,NA,NA,"1.046129e-03",NA,NA,NA,NA,"0.0007323325",NA,NA,NA,NA,"7.763305e-04",NA,NA,NA,NA,"0.0022300831",NA,NA,NA,NA,"0.0000000000",NA,NA,NA,NA,"0.0001629461",NA,NA,NA,NA,"0.0001557147",NA,NA,NA,NA,"7.082822e-04",NA,NA,NA,NA,"0.0755545913",NA,NA,NA,NA,"0.0001558442",NA,"ASV16"
"Archaea|Euryarchaeota|Methanobacteria|Methanobacteriales|Methanobacteriaceae|Methanosphaera",NA,NA,NA,"0.0888022201",NA,NA,NA,NA,"0.000000e+00",NA,NA,NA,NA,"0.0000000000",NA,NA,NA,NA,"0.0000000000",NA,NA,NA,NA,"0.000000e+00",NA,NA,NA,"0.0159929701",NA,NA,NA,"0.0000000000",NA,NA,NA,"0.000000e+00",NA,NA,NA,NA,"0.0007186202",NA,NA,NA,NA,"0.0000000000",NA,NA,NA,NA,"0.0001805054",NA,NA,NA,NA,"0.0000000000",NA,NA,NA,NA,"0.0000000000",NA,NA,NA,NA,"0.0000000000",NA,NA,NA,NA,"0.0018926118",NA,NA,NA,NA,"0.000000e+00",NA,NA,NA,NA,"0.0000000000",NA,NA,NA,NA,"7.590788e-03",NA,NA,NA,NA,"0.0000000000",NA,NA,NA,NA,"0.0000000000",NA,NA,NA,NA,"0.0000000000",NA,NA,NA,NA,"0.0000000000",NA,NA,NA,NA,"2.455378e-03",NA,NA,NA,NA,"0.0000000000",NA,NA,NA,NA,"0.0000000000",NA,"ASV17"
"Bacteria|Bacteroidetes|Bacteroidia|Bacteroidales|p-2534-18B5|unclassified_p-2534-18B5",NA,NA,NA,"0.0073501838",NA,NA,NA,NA,"4.362443e-03",NA,NA,NA,NA,"0.0093094509",NA,NA,NA,NA,"0.0046190799",NA,NA,NA,NA,"6.476684e-03",NA,NA,NA,"0.0020210896",NA,NA,NA,"0.0053802530",NA,NA,NA,"2.618923e-03",NA,NA,NA,NA,"0.0053497285",NA,NA,NA,NA,"0.0054791577",NA,NA,NA,NA,"0.0049939832",NA,NA,NA,NA,"0.0150440479",NA,NA,NA,NA,"0.0063939453",NA,NA,NA,NA,"0.0130257376",NA,NA,NA,NA,"0.0051170615",NA,NA,NA,NA,"2.291521e-03",NA,NA,NA,NA,"0.0095203222",NA,NA,NA,NA,"4.787372e-03",NA,NA,NA,NA,"0.0004229468",NA,NA,NA,NA,"0.0145545797",NA,NA,NA,NA,"0.0131986313",NA,NA,NA,NA,"0.0105886017",NA,NA,NA,NA,"1.161583e-02",NA,NA,NA,NA,"0.0018441178",NA,NA,NA,NA,"0.0033246753",NA,"ASV18"
"Bacteria|Proteobacteria|Gammaproteobacteria|Enterobacteriales|Enterobacteriaceae|unclassified_Enterobacteriaceae",NA,NA,NA,"0.0000000000",NA,NA,NA,NA,"0.000000e+00",NA,NA,NA,NA,"0.0000000000",NA,NA,NA,NA,"0.0010469914",NA,NA,NA,NA,"3.844225e-03",NA,NA,NA,"0.0048769772",NA,NA,NA,"0.0018176530",NA,NA,NA,"1.857054e-03",NA,NA,NA,NA,"0.0041520281",NA,NA,NA,NA,"0.0006446068",NA,NA,NA,NA,"0.0025872443",NA,NA,NA,NA,"0.0008131918",NA,NA,NA,NA,"0.0000000000",NA,NA,NA,NA,"0.0028248588",NA,NA,NA,NA,"0.0046964811",NA,NA,NA,NA,"0.000000e+00",NA,NA,NA,NA,"0.0025631637",NA,NA,NA,NA,"2.587768e-04",NA,NA,NA,NA,"0.0003075977",NA,NA,NA,NA,"0.0015892932",NA,NA,NA,NA,"0.0000000000",NA,NA,NA,NA,"0.0015182186",NA,NA,NA,NA,"2.030409e-03",NA,NA,NA,NA,"0.0000000000",NA,NA,NA,NA,"0.0007272727",NA,"ASV19"
"Bacteria|Firmicutes|Bacilli|Turicibacterales|Turicibacteraceae|Turicibacter",NA,NA,NA,"0.0430510763",NA,NA,NA,NA,"5.046826e-02",NA,NA,NA,NA,"0.0576243224",NA,NA,NA,NA,"0.0355977089",NA,NA,NA,NA,"5.749624e-02",NA,NA,NA,"0.0802284710",NA,NA,NA,"0.0558383016",NA,NA,NA,"5.271178e-02",NA,NA,NA,NA,"0.0400031939",NA,NA,NA,NA,"0.0495272884",NA,NA,NA,NA,"0.0445246691",NA,NA,NA,NA,"0.0829455613",NA,NA,NA,NA,"0.0442356626",NA,NA,NA,NA,"0.0360954175",NA,NA,NA,NA,"0.0644889948",NA,NA,NA,NA,"8.374016e-02",NA,NA,NA,NA,"0.0646649579",NA,NA,NA,NA,"5.283361e-02",NA,NA,NA,NA,"0.0709397109",NA,NA,NA,NA,"0.0823923045",NA,NA,NA,NA,"0.0525501059",NA,NA,NA,NA,"0.0627919651",NA,NA,NA,NA,"7.101709e-02",NA,NA,NA,NA,"0.0848836579",NA,NA,NA,NA,"0.0609350649",NA,"ASV2"
"Bacteria|Firmicutes|Clostridia|Clostridiales|Lachnospiraceae|unclassified_Lachnospiraceae",NA,NA,NA,"0.0048001200",NA,NA,NA,NA,"3.433923e-02",NA,NA,NA,NA,"0.0050671695",NA,NA,NA,NA,"0.0165055121",NA,NA,NA,NA,"3.677085e-03",NA,NA,NA,"0.0114674868",NA,NA,NA,"0.0162861713",NA,NA,NA,"1.080901e-02",NA,NA,NA,NA,"0.0286649633",NA,NA,NA,NA,"0.0343790288",NA,NA,NA,NA,"0.0109506619",NA,NA,NA,NA,"0.0370905805",NA,NA,NA,NA,"0.0101781170",NA,NA,NA,NA,"0.0173414940",NA,NA,NA,NA,"0.0189261180",NA,NA,NA,NA,"7.821062e-03",NA,NA,NA,NA,"0.0220432076",NA,NA,NA,NA,"2.850858e-02",NA,NA,NA,NA,"0.0080359889",NA,NA,NA,NA,"0.0158929318",NA,NA,NA,NA,"0.0088805605",NA,NA,NA,NA,"0.0175957646",NA,NA,NA,NA,"2.818963e-02",NA,NA,NA,NA,"0.0130173022",NA,NA,NA,NA,"0.0142857143",NA,"ASV20"
"Bacteria|Firmicutes|Clostridia|Clostridiales|Veillonellaceae|Phascolarctobacterium",NA,NA,NA,"0.0057001425",NA,NA,NA,NA,"4.602577e-03",NA,NA,NA,NA,"0.0011784115",NA,NA,NA,NA,"0.0070210014",NA,NA,NA,NA,"1.086411e-03",NA,NA,NA,"0.0147188049",NA,NA,NA,"0.0053075469",NA,NA,NA,"1.714204e-03",NA,NA,NA,NA,"0.0023954008",NA,NA,NA,NA,"0.0032230339",NA,NA,NA,NA,"0.0019253911",NA,NA,NA,NA,"0.0019426248",NA,NA,NA,NA,"0.0081555425",NA,NA,NA,NA,"0.0087099812",NA,NA,NA,NA,"0.0070797701",NA,NA,NA,NA,"3.736176e-03",NA,NA,NA,NA,"0.0036616624",NA,NA,NA,NA,"2.587768e-03",NA,NA,NA,NA,"0.0010765918",NA,NA,NA,NA,"0.0011710581",NA,NA,NA,NA,"0.0015479876",NA,NA,NA,NA,"0.0024914357",NA,NA,NA,NA,"3.777505e-03",NA,NA,NA,NA,"0.0027661767",NA,NA,NA,NA,"0.0028051948",NA,"ASV21"
"Bacteria|Actinobacteria|Coriobacteriia|Coriobacteriales|Coriobacteriaceae|Slackia",NA,NA,NA,"0.0051001275",NA,NA,NA,NA,"1.640919e-03",NA,NA,NA,NA,"0.0055385341",NA,NA,NA,NA,"0.0009854037",NA,NA,NA,NA,"1.086411e-03",NA,NA,NA,"0.0007469244",NA,NA,NA,"0.0055983714",NA,NA,NA,"4.428361e-03",NA,NA,NA,NA,"0.0035132546",NA,NA,NA,NA,"0.0034379029",NA,NA,NA,NA,"0.0048134777",NA,NA,NA,NA,"0.0013553196",NA,NA,NA,NA,"0.0016311085",NA,NA,NA,NA,"0.0017263026",NA,NA,NA,NA,"0.0036450301",NA,NA,NA,NA,"3.785992e-03",NA,NA,NA,NA,"0.0023434639",NA,NA,NA,NA,"2.372121e-03",NA,NA,NA,NA,"0.0097277761",NA,NA,NA,NA,"0.0037641154",NA,NA,NA,NA,"0.0052142741",NA,NA,NA,NA,"0.0009342884",NA,NA,NA,NA,"1.983190e-03",NA,NA,NA,NA,"0.0003796713",NA,NA,NA,NA,"0.0037922078",NA,"ASV22"
"Bacteria|Firmicutes|Clostridia|Clostridiales|Ruminococcaceae|unclassified_Ruminococcaceae",NA,NA,NA,"0.0867771694",NA,NA,NA,NA,"4.618586e-02",NA,NA,NA,NA,"0.0545604525",NA,NA,NA,NA,"0.0559832481",NA,NA,NA,NA,"5.478021e-02",NA,NA,NA,"0.0804481547",NA,NA,NA,"0.0609277301",NA,NA,NA,"3.580782e-02",NA,NA,NA,NA,"0.0520600447",NA,NA,NA,NA,"0.0301890847",NA,NA,NA,NA,"0.0764741276",NA,NA,NA,NA,"0.0286424215",NA,NA,NA,NA,"0.0380374503",NA,NA,NA,NA,"0.0450408035",NA,NA,NA,NA,"0.0471751016",NA,NA,NA,NA,"6.396334e-02",NA,NA,NA,NA,"0.0399853534",NA,NA,NA,NA,"5.904425e-02",NA,NA,NA,NA,"0.0512150108",NA,NA,NA,NA,"0.0380593894",NA,NA,NA,NA,"0.0452175330",NA,NA,NA,NA,"0.0369822485",NA,NA,NA,NA,"4.169421e-02",NA,NA,NA,NA,"0.0170309703",NA,NA,NA,NA,"0.0403636364",NA,"ASV23"
"Bacteria|Actinobacteria|Coriobacteriia|Coriobacteriales|Coriobacteriaceae|Collinsella",NA,NA,NA,"0.0075001875",NA,NA,NA,NA,"2.401345e-04",NA,NA,NA,NA,"0.0008248881",NA,NA,NA,NA,"0.0012933424",NA,NA,NA,NA,"8.357012e-04",NA,NA,NA,"0.0021528998",NA,NA,NA,"0.0007997673",NA,NA,NA,"3.809342e-04",NA,NA,NA,NA,"0.0013573938",NA,NA,NA,NA,"0.0010743446",NA,NA,NA,NA,"0.0033092659",NA,NA,NA,NA,"0.0004517732",NA,NA,NA,NA,"0.0005219547",NA,NA,NA,NA,"0.0007062147",NA,NA,NA,NA,"0.0011916445",NA,NA,NA,NA,"2.590415e-03",NA,NA,NA,NA,"0.0002196997",NA,NA,NA,NA,"1.250755e-03",NA,NA,NA,NA,"0.0118040603",NA,NA,NA,NA,"0.0009201171",NA,NA,NA,NA,"0.0009776764",NA,NA,NA,NA,"0.0003503581",NA,NA,NA,NA,"8.027198e-04",NA,NA,NA,NA,"0.0003796713",NA,NA,NA,NA,"0.0004675325",NA,"ASV24"
"Bacteria|Firmicutes|Clostridia|Clostridiales|Christensenellaceae|unclassified_Christensenellaceae",NA,NA,NA,"0.0003750094",NA,NA,NA,NA,"7.484191e-03",NA,NA,NA,NA,"0.0032995522",NA,NA,NA,NA,"0.0022171583",NA,NA,NA,NA,"1.922113e-03",NA,NA,NA,"0.0000000000",NA,NA,NA,"0.0000000000",NA,NA,NA,"2.809390e-03",NA,NA,NA,NA,"0.0043117215",NA,NA,NA,NA,"0.0128921358",NA,NA,NA,NA,"0.0042719615",NA,NA,NA,NA,"0.0104359611",NA,NA,NA,NA,"0.0076335878",NA,NA,NA,NA,"0.0139673572",NA,NA,NA,NA,"0.0079910276",NA,NA,NA,NA,"7.073827e-03",NA,NA,NA,NA,"0.0112046869",NA,NA,NA,NA,"1.401708e-02",NA,NA,NA,NA,"0.0020378345",NA,NA,NA,NA,"0.0010874111",NA,NA,NA,NA,"0.0044810168",NA,NA,NA,NA,"0.0021410775",NA,NA,NA,NA,"2.455378e-03",NA,NA,NA,NA,"0.0170309703",NA,NA,NA,NA,"0.0012467532",NA,"ASV25"
"Bacteria|Firmicutes|Clostridia|Clostridiales|unclassified_Clostridiales|unclassified_Clostridiales",NA,NA,NA,"0.0136503413",NA,NA,NA,NA,"1.152645e-02",NA,NA,NA,NA,"0.0192081075",NA,NA,NA,NA,"0.0117632568",NA,NA,NA,NA,"1.696473e-02",NA,NA,NA,"0.0104569420",NA,NA,NA,"0.0210847753",NA,NA,NA,"1.842769e-02",NA,NA,NA,NA,"0.0123762376",NA,NA,NA,NA,"0.0178341212",NA,NA,NA,NA,"0.0160649819",NA,NA,NA,NA,"0.0229952564",NA,NA,NA,NA,"0.0095256736",NA,NA,NA,NA,"0.0248744507",NA,NA,NA,NA,"0.0158418618",NA,NA,NA,NA,"1.290226e-02",NA,NA,NA,NA,"0.0230684731",NA,NA,NA,NA,"1.625981e-02",NA,NA,NA,NA,"0.0134958474",NA,NA,NA,NA,"0.0196570473",NA,NA,NA,NA,"0.0160501874",NA,NA,NA,NA,"0.0105886017",NA,NA,NA,NA,"1.326849e-02",NA,NA,NA,NA,"0.0078103813",NA,NA,NA,NA,"0.0144935065",NA,"ASV26"
"Bacteria|Firmicutes|Clostridia|Clostridiales|Veillonellaceae|Megasphaera",NA,NA,NA,"0.0000000000",NA,NA,NA,NA,"0.000000e+00",NA,NA,NA,NA,"0.0000000000",NA,NA,NA,NA,"0.0016628688",NA,NA,NA,NA,"2.089253e-03",NA,NA,NA,"0.0053602812",NA,NA,NA,"0.0000000000",NA,NA,NA,"0.000000e+00",NA,NA,NA,NA,"0.0067869690",NA,NA,NA,NA,"0.0000000000",NA,NA,NA,NA,"0.0000000000",NA,NA,NA,NA,"0.0000000000",NA,NA,NA,NA,"0.0099171397",NA,NA,NA,NA,"0.0000000000",NA,NA,NA,NA,"0.0007710641",NA,NA,NA,NA,"0.000000e+00",NA,NA,NA,NA,"0.0000000000",NA,NA,NA,NA,"0.000000e+00",NA,NA,NA,NA,"0.0000000000",NA,NA,NA,NA,"0.0000000000",NA,NA,NA,NA,"0.0000000000",NA,NA,NA,NA,"0.0000000000",NA,NA,NA,NA,"3.305317e-04",NA,NA,NA,NA,"0.0059120247",NA,NA,NA,NA,"0.0000000000",NA,"ASV27"
"Bacteria|Actinobacteria|Actinobacteria|Bifidobacteriales|Bifidobacteriaceae|Bifidobacterium",NA,NA,NA,"0.0009000225",NA,NA,NA,NA,"0.000000e+00",NA,NA,NA,NA,"0.0000000000",NA,NA,NA,NA,"0.0066514750",NA,NA,NA,NA,"3.677085e-03",NA,NA,NA,"0.0134007030",NA,NA,NA,"0.0000000000",NA,NA,NA,"0.000000e+00",NA,NA,NA,NA,"0.0102203769",NA,NA,NA,NA,"0.0000000000",NA,NA,NA,NA,"0.0001805054",NA,NA,NA,NA,"0.0000000000",NA,NA,NA,NA,"0.0096561623",NA,NA,NA,NA,"0.0000000000",NA,NA,NA,NA,"0.0031543530",NA,NA,NA,NA,"0.000000e+00",NA,NA,NA,NA,"0.0000000000",NA,NA,NA,NA,"8.625895e-05",NA,NA,NA,NA,"0.0007689942",NA,NA,NA,NA,"0.0000000000",NA,NA,NA,NA,"0.0078214111",NA,NA,NA,NA,"0.0000000000",NA,NA,NA,NA,"4.910756e-03",NA,NA,NA,NA,"0.0014644465",NA,NA,NA,NA,"0.0000000000",NA,"ASV28"
"Bacteria|Firmicutes|Clostridia|Clostridiales|Lachnospiraceae|Coprococcus",NA,NA,NA,"0.0109502738",NA,NA,NA,NA,"3.762107e-03",NA,NA,NA,NA,"0.0050671695",NA,NA,NA,NA,"0.0044343167",NA,NA,NA,NA,"6.225974e-03",NA,NA,NA,"0.0053602812",NA,NA,NA,"0.0050894285",NA,NA,NA,"3.904576e-03",NA,NA,NA,NA,"0.0029543277",NA,NA,NA,NA,"0.0016115170",NA,NA,NA,NA,"0.0086642599",NA,NA,NA,NA,"0.0030268805",NA,NA,NA,NA,"0.0069811444",NA,NA,NA,NA,"0.0017263026",NA,NA,NA,NA,"0.0076405440",NA,NA,NA,NA,"1.205540e-02",NA,NA,NA,NA,"0.0037348956",NA,NA,NA,NA,"6.555680e-03",NA,NA,NA,NA,"0.0178406644",NA,NA,NA,NA,"0.0016729402",NA,NA,NA,NA,"0.0038292325",NA,NA,NA,NA,"0.0065010900",NA,NA,NA,NA,"4.580225e-03",NA,NA,NA,NA,"0.0009762977",NA,NA,NA,NA,"0.0062857143",NA,"ASV29"
"Bacteria|Spirochaetes|Spirochaetes|Spirochaetales|Spirochaetaceae|Treponema",NA,NA,NA,"0.0854271357",NA,NA,NA,NA,"1.871848e-01",NA,NA,NA,NA,"0.1952627858",NA,NA,NA,NA,"0.1687503849",NA,NA,NA,NA,"2.087164e-01",NA,NA,NA,"0.0656854130",NA,NA,NA,"0.1576995783",NA,NA,NA,"1.092329e-01",NA,NA,NA,NA,"0.1327052060",NA,NA,NA,NA,"0.1803824667",NA,NA,NA,NA,"0.1445246691",NA,NA,NA,NA,"0.1377908290",NA,NA,NA,NA,"0.1299014810",NA,NA,NA,NA,"0.2200251099",NA,NA,NA,NA,"0.1742604795",NA,NA,NA,NA,"1.224968e-01",NA,NA,NA,NA,"0.1688758696",NA,NA,NA,NA,"1.293884e-01",NA,NA,NA,NA,"0.0477545371",NA,NA,NA,NA,"0.1979924718",NA,NA,NA,NA,"0.1773667916",NA,NA,NA,NA,"0.1792276549",NA,NA,NA,NA,"1.245160e-01",NA,NA,NA,NA,"0.2109887726",NA,NA,NA,NA,"0.1401038961",NA,"ASV3"
"Bacteria|Firmicutes|Clostridia|Clostridiales|Ruminococcaceae|Oscillospira",NA,NA,NA,"0.0054751369",NA,NA,NA,NA,"6.123429e-03",NA,NA,NA,NA,"0.0062455810",NA,NA,NA,NA,"0.0084991070",NA,NA,NA,NA,"6.978105e-03",NA,NA,NA,"0.0041300527",NA,NA,NA,"0.0093790897",NA,NA,NA,"7.047283e-03",NA,NA,NA,NA,"0.0064675822",NA,NA,NA,NA,"0.0040825097",NA,NA,NA,NA,"0.0054753309",NA,NA,NA,NA,"0.0056019878",NA,NA,NA,NA,"0.0049585698",NA,NA,NA,NA,"0.0132611425",NA,NA,NA,NA,"0.0060984158",NA,NA,NA,NA,"9.514795e-03",NA,NA,NA,NA,"0.0066642256",NA,NA,NA,NA,"9.661002e-03",NA,NA,NA,NA,"0.0102276223",NA,NA,NA,NA,"0.0053534086",NA,NA,NA,NA,"0.0050513280",NA,NA,NA,NA,"0.0057225164",NA,NA,NA,NA,"6.327321e-03",NA,NA,NA,NA,"0.0039051906",NA,NA,NA,NA,"0.0061298701",NA,"ASV30"
"Bacteria|Firmicutes|Clostridia|Clostridiales|Peptococcaceae|Peptococcus",NA,NA,NA,"0.0087002175",NA,NA,NA,NA,"6.403586e-04",NA,NA,NA,NA,"0.0054206929",NA,NA,NA,NA,"0.0030177989",NA,NA,NA,NA,"6.518469e-03",NA,NA,NA,"0.0023725835",NA,NA,NA,"0.0028355388",NA,NA,NA,"3.904576e-03",NA,NA,NA,NA,"0.0035931012",NA,NA,NA,NA,"0.0025784272",NA,NA,NA,NA,"0.0060168472",NA,NA,NA,NA,"0.0011746103",NA,NA,NA,NA,"0.0020225745",NA,NA,NA,NA,"0.0021971124",NA,NA,NA,NA,"0.0038553203",NA,NA,NA,NA,"1.992627e-03",NA,NA,NA,NA,"0.0018308312",NA,NA,NA,NA,"2.285862e-03",NA,NA,NA,NA,"0.0057290065",NA,NA,NA,NA,"0.0017565872",NA,NA,NA,NA,"0.0019553528",NA,NA,NA,NA,"0.0021021489",NA,NA,NA,NA,"1.652658e-03",NA,NA,NA,NA,"0.0007051039",NA,NA,NA,NA,"0.0044675325",NA,"ASV31"
"Bacteria|Firmicutes|Clostridia|Clostridiales|Ruminococcaceae|unclassified_Ruminococcaceae",NA,NA,NA,"0.0083252081",NA,NA,NA,NA,"5.563115e-03",NA,NA,NA,NA,"0.0131982088",NA,NA,NA,NA,"0.0030177989",NA,NA,NA,NA,"8.565937e-03",NA,NA,NA,"0.0090949033",NA,NA,NA,"0.0042896612",NA,NA,NA,"3.999810e-03",NA,NA,NA,NA,"0.0044714149",NA,NA,NA,NA,"0.0026858616",NA,NA,NA,NA,"0.0051143201",NA,NA,NA,NA,"0.0036593630",NA,NA,NA,NA,"0.0053500359",NA,NA,NA,NA,"0.0021186441",NA,NA,NA,NA,"0.0010514510",NA,NA,NA,NA,"4.483411e-03",NA,NA,NA,NA,"0.0075430245",NA,NA,NA,NA,"5.477443e-03",NA,NA,NA,NA,"0.0052291603",NA,NA,NA,NA,"0.0053534086",NA,NA,NA,NA,"0.0069252078",NA,NA,NA,NA,"0.0089535970",NA,NA,NA,NA,"3.305317e-03",NA,NA,NA,NA,"0.0033628031",NA,NA,NA,NA,"0.0093506494",NA,"ASV32"
"Bacteria|Fibrobacteres|Fibrobacteria|Fibrobacterales|Fibrobacteraceae|Fibrobacter",NA,NA,NA,"0.0004500113",NA,NA,NA,NA,"4.042264e-03",NA,NA,NA,NA,"0.0024746642",NA,NA,NA,NA,"0.0105315021",NA,NA,NA,NA,"2.214608e-03",NA,NA,NA,"0.0013181019",NA,NA,NA,"0.0032717755",NA,NA,NA,"3.237941e-03",NA,NA,NA,NA,"0.0035132546",NA,NA,NA,NA,"0.0000000000",NA,NA,NA,NA,"0.0026474128",NA,NA,NA,NA,"0.0007680145",NA,NA,NA,NA,"0.0024792849",NA,NA,NA,NA,"0.0144381670",NA,NA,NA,NA,"0.0035048367",NA,NA,NA,NA,"3.985255e-04",NA,NA,NA,NA,"0.0013181985",NA,NA,NA,NA,"2.630898e-03",NA,NA,NA,NA,"0.0017302369",NA,NA,NA,NA,"0.0109577583",NA,NA,NA,NA,"0.0049698550",NA,NA,NA,NA,"0.0019075055",NA,NA,NA,NA,"3.069223e-03",NA,NA,NA,NA,"0.0002711938",NA,NA,NA,NA,"0.0044155844",NA,"ASV33"
"Bacteria|Firmicutes|Clostridia|Clostridiales|[Mogibacteriaceae]|unclassified_[Mogibacteriaceae]",NA,NA,NA,"0.0038250956",NA,NA,NA,NA,"2.481390e-03",NA,NA,NA,NA,"0.0015319350",NA,NA,NA,NA,"0.0018476320",NA,NA,NA,NA,"1.838543e-03",NA,NA,NA,"0.0012302285",NA,NA,NA,"0.0023265959",NA,NA,NA,"2.952240e-03",NA,NA,NA,NA,"0.0008783136",NA,NA,NA,NA,"0.0031155995",NA,NA,NA,NA,"0.0021660650",NA,NA,NA,NA,"0.0026654619",NA,NA,NA,NA,"0.0023487962",NA,NA,NA,NA,"0.0031387320",NA,NA,NA,NA,"0.0023832889",NA,NA,NA,NA,"2.839494e-03",NA,NA,NA,NA,"0.0027828634",NA,NA,NA,NA,"2.846545e-03",NA,NA,NA,NA,"0.0055752076",NA,NA,NA,NA,"0.0012547051",NA,NA,NA,NA,"0.0023627179",NA,NA,NA,NA,"0.0033089380",NA,NA,NA,NA,"2.313722e-03",NA,NA,NA,NA,"0.0017898790",NA,NA,NA,NA,"0.0029090909",NA,"ASV34"
"Bacteria|Bacteroidetes|Bacteroidia|Bacteroidales|S24-7|unclassified_S24-7",NA,NA,NA,"0.0142503563",NA,NA,NA,NA,"5.803250e-03",NA,NA,NA,NA,"0.0067169456",NA,NA,NA,NA,"0.0148426433",NA,NA,NA,NA,"1.851078e-02",NA,NA,NA,"0.0096660808",NA,NA,NA,"0.0122873346",NA,NA,NA,"1.128518e-02",NA,NA,NA,NA,"0.0114979240",NA,NA,NA,NA,"0.0062311990",NA,NA,NA,NA,"0.0108303249",NA,NA,NA,NA,"0.0068669528",NA,NA,NA,NA,"0.0144842435",NA,NA,NA,NA,"0.0096516008",NA,NA,NA,NA,"0.0063788027",NA,NA,NA,NA,"1.718641e-02",NA,NA,NA,NA,"0.0058586598",NA,NA,NA,NA,"1.380143e-02",NA,NA,NA,NA,"0.0084973854",NA,NA,NA,NA,"0.0040987035",NA,NA,NA,NA,"0.0091249796",NA,NA,NA,NA,"0.0086032389",NA,NA,NA,NA,"9.727075e-03",NA,NA,NA,NA,"0.0034170418",NA,NA,NA,NA,"0.0106493506",NA,"ASV35"
"Bacteria|Firmicutes|Clostridia|Clostridiales|Lachnospiraceae|Dorea",NA,NA,NA,"0.0094502363",NA,NA,NA,NA,"2.201233e-03",NA,NA,NA,NA,"0.0042422814",NA,NA,NA,NA,"0.0019092197",NA,NA,NA,NA,"2.632459e-03",NA,NA,NA,"0.0013181019",NA,NA,NA,"0.0055983714",NA,NA,NA,"3.952193e-03",NA,NA,NA,NA,"0.0010380070",NA,NA,NA,NA,"0.0029007306",NA,NA,NA,NA,"0.0049939832",NA,NA,NA,NA,"0.0059182290",NA,NA,NA,NA,"0.0017615972",NA,NA,NA,NA,"0.0034526051",NA,NA,NA,NA,"0.0018926118",NA,NA,NA,NA,"3.088572e-03",NA,NA,NA,NA,"0.0028560967",NA,NA,NA,NA,"2.674027e-03",NA,NA,NA,NA,"0.0075745924",NA,NA,NA,NA,"0.0028439983",NA,NA,NA,NA,"0.0032589213",NA,NA,NA,NA,"0.0024914357",NA,NA,NA,NA,"2.172065e-03",NA,NA,NA,NA,"0.0000000000",NA,NA,NA,NA,"0.0058181818",NA,"ASV36"
"Bacteria|Verrucomicrobia|Verrucomicrobiae|Verrucomicrobiales|Verrucomicrobiaceae|Akkermansia",NA,NA,NA,"0.0000000000",NA,NA,NA,NA,"8.404707e-04",NA,NA,NA,NA,"0.0020032996",NA,NA,NA,NA,"0.0039416148",NA,NA,NA,NA,"2.716029e-03",NA,NA,NA,"0.0000000000",NA,NA,NA,"0.0005089429",NA,NA,NA,"2.952240e-03",NA,NA,NA,NA,"0.0010380070",NA,NA,NA,NA,"0.0005371723",NA,NA,NA,NA,"0.0087845969",NA,NA,NA,NA,"0.0002710639",NA,NA,NA,NA,"0.0007829321",NA,NA,NA,NA,"0.0014124294",NA,NA,NA,NA,"0.0006308706",NA,NA,NA,NA,"1.992627e-04",NA,NA,NA,NA,"0.0033687294",NA,NA,NA,NA,"1.509532e-03",NA,NA,NA,NA,"0.0009996924",NA,NA,NA,NA,"0.0009201171",NA,NA,NA,NA,"0.0006517843",NA,NA,NA,NA,"0.0006617876",NA,NA,NA,NA,"4.769100e-03",NA,NA,NA,NA,"0.0000000000",NA,NA,NA,NA,"0.0003636364",NA,"ASV37"
"Bacteria|WPS-2|unclassified_WPS-2|unclassified_WPS-2|unclassified_WPS-2|unclassified_WPS-2",NA,NA,NA,"0.0235505888",NA,NA,NA,NA,"2.961659e-03",NA,NA,NA,NA,"0.0071883102",NA,NA,NA,NA,"0.0038800271",NA,NA,NA,NA,"0.000000e+00",NA,NA,NA,"0.0001318102",NA,NA,NA,"0.0000000000",NA,NA,NA,"0.000000e+00",NA,NA,NA,NA,"0.0110188438",NA,NA,NA,NA,"0.0000000000",NA,NA,NA,NA,"0.0162454874",NA,NA,NA,NA,"0.0000000000",NA,NA,NA,NA,"0.0104390944",NA,NA,NA,NA,"0.0014124294",NA,NA,NA,NA,"0.0068694799",NA,NA,NA,NA,"0.000000e+00",NA,NA,NA,NA,"0.0032222629",NA,NA,NA,NA,"9.661002e-03",NA,NA,NA,NA,"0.0000000000",NA,NA,NA,NA,"0.0000000000",NA,NA,NA,NA,"0.0093693987",NA,NA,NA,NA,"0.0014792899",NA,NA,NA,NA,"0.000000e+00",NA,NA,NA,NA,"0.0002711938",NA,NA,NA,NA,"0.0092987013",NA,"ASV38"
"Bacteria|Firmicutes|Clostridia|Clostridiales|Clostridiaceae|02d06",NA,NA,NA,"0.0008250206",NA,NA,NA,NA,"1.760986e-03",NA,NA,NA,NA,"0.0000000000",NA,NA,NA,NA,"0.0032641498",NA,NA,NA,NA,"3.551730e-03",NA,NA,NA,"0.0045254833",NA,NA,NA,"0.0034898938",NA,NA,NA,"2.904624e-03",NA,NA,NA,NA,"0.0018364740",NA,NA,NA,NA,"0.0000000000",NA,NA,NA,NA,"0.0020457280",NA,NA,NA,NA,"0.0012197877",NA,NA,NA,NA,"0.0012396425",NA,NA,NA,NA,"0.0036880100",NA,NA,NA,NA,"0.0022430955",NA,NA,NA,NA,"1.892996e-03",NA,NA,NA,NA,"0.0046136946",NA,NA,NA,NA,"2.242733e-03",NA,NA,NA,NA,"0.0012688404",NA,NA,NA,NA,"0.0014219992",NA,NA,NA,NA,"0.0000000000",NA,NA,NA,NA,"0.0028417938",NA,NA,NA,NA,"1.841534e-03",NA,NA,NA,NA,"0.0000000000",NA,NA,NA,NA,"0.0020259740",NA,"ASV39"
"Bacteria|Firmicutes|Clostridia|Clostridiales|Clostridiaceae|SMB53",NA,NA,NA,"0.0555013875",NA,NA,NA,NA,"3.045706e-02",NA,NA,NA,NA,"0.0728258308",NA,NA,NA,NA,"0.0311018045",NA,NA,NA,NA,"5.256560e-02",NA,NA,NA,"0.0840509666",NA,NA,NA,"0.0490766323",NA,NA,NA,"5.885434e-02",NA,NA,NA,NA,"0.0469498563",NA,NA,NA,NA,"0.0279329609",NA,NA,NA,NA,"0.0728640193",NA,NA,NA,NA,"0.0395301559",NA,NA,NA,NA,"0.0336008351",NA,NA,NA,NA,"0.0244821092",NA,NA,NA,NA,"0.0432496846",NA,NA,NA,NA,"5.429909e-02",NA,NA,NA,NA,"0.0333943610",NA,NA,NA,NA,"4.804623e-02",NA,NA,NA,NA,"0.0557905260",NA,NA,NA,NA,"0.0392304475",NA,NA,NA,NA,"0.0395958938",NA,NA,NA,NA,"0.0277172220",NA,NA,NA,NA,"5.014638e-02",NA,NA,NA,NA,"0.0241904865",NA,NA,NA,NA,"0.0481038961",NA,"ASV4"
"Bacteria|Actinobacteria|Coriobacteriia|Coriobacteriales|Coriobacteriaceae|Adlercreutzia",NA,NA,NA,"0.0000000000",NA,NA,NA,NA,"3.602017e-04",NA,NA,NA,NA,"0.0005892058",NA,NA,NA,NA,"0.0004311141",NA,NA,NA,NA,"4.596356e-04",NA,NA,NA,"0.0000000000",NA,NA,NA,"0.0006543551",NA,NA,NA,"1.285653e-03",NA,NA,NA,NA,"0.0014372405",NA,NA,NA,NA,"0.0015040825",NA,NA,NA,NA,"0.0003008424",NA,NA,NA,NA,"0.0016715609",NA,NA,NA,NA,"0.0000000000",NA,NA,NA,NA,"0.0007846830",NA,NA,NA,NA,"0.0000000000",NA,NA,NA,NA,"2.988941e-04",NA,NA,NA,NA,"0.0005126327",NA,NA,NA,NA,"6.469421e-04",NA,NA,NA,NA,"0.0000000000",NA,NA,NA,NA,"0.0009201171",NA,NA,NA,NA,"0.0000000000",NA,NA,NA,NA,"0.0004282155",NA,NA,NA,NA,"8.027198e-04",NA,NA,NA,NA,"0.0003254326",NA,NA,NA,NA,"0.0003116883",NA,"ASV40"
"Bacteria|Firmicutes|Clostridia|Clostridiales|Lachnospiraceae|Blautia",NA,NA,NA,"0.0359258981",NA,NA,NA,NA,"4.482510e-03",NA,NA,NA,NA,"0.0098986566",NA,NA,NA,NA,"0.0051117817",NA,NA,NA,NA,"9.109143e-03",NA,NA,NA,"0.0132688928",NA,NA,NA,"0.0116329795",NA,NA,NA,"5.333079e-03",NA,NA,NA,NA,"0.0058288087",NA,NA,NA,NA,"0.0021486893",NA,NA,NA,NA,"0.0167268351",NA,NA,NA,NA,"0.0009487237",NA,NA,NA,NA,"0.0041103934",NA,NA,NA,NA,"0.0019617075",NA,NA,NA,NA,"0.0060984158",NA,NA,NA,NA,"1.046129e-02",NA,NA,NA,NA,"0.0016111315",NA,NA,NA,NA,"4.744242e-03",NA,NA,NA,NA,"0.0433712704",NA,NA,NA,NA,"0.0025094103",NA,NA,NA,NA,"0.0049698550",NA,NA,NA,NA,"0.0038928683",NA,NA,NA,NA,"5.146851e-03",NA,NA,NA,NA,"0.0018441178",NA,NA,NA,NA,"0.0067012987",NA,"ASV41"
"Bacteria|Bacteroidetes|Bacteroidia|Bacteroidales|Bacteroidaceae|Bacteroides",NA,NA,NA,"0.0012750319",NA,NA,NA,NA,"2.161210e-03",NA,NA,NA,NA,"0.0017676173",NA,NA,NA,NA,"0.0047422553",NA,NA,NA,NA,"2.548889e-03",NA,NA,NA,"0.0015377856",NA,NA,NA,"0.0051621347",NA,NA,NA,"5.428313e-03",NA,NA,NA,NA,"0.0040721814",NA,NA,NA,NA,"0.0024709927",NA,NA,NA,NA,"0.0002406739",NA,NA,NA,NA,"0.0019426248",NA,NA,NA,NA,"0.0027402623",NA,NA,NA,NA,"0.0046296296",NA,NA,NA,NA,"0.0012617412",NA,NA,NA,NA,"1.195576e-03",NA,NA,NA,NA,"0.0167704138",NA,NA,NA,NA,"2.674027e-03",NA,NA,NA,NA,"0.0019224854",NA,NA,NA,NA,"0.0025094103",NA,NA,NA,NA,"0.0051328010",NA,NA,NA,NA,"0.0066178761",NA,NA,NA,NA,"2.266503e-03",NA,NA,NA,NA,"0.0016271628",NA,NA,NA,NA,"0.0097142857",NA,"ASV42"
"Bacteria|Bacteroidetes|Bacteroidia|Bacteroidales|[Paraprevotellaceae]|CF231",NA,NA,NA,"0.0042751069",NA,NA,NA,NA,"5.082846e-03",NA,NA,NA,NA,"0.0044779637",NA,NA,NA,NA,"0.0065898873",NA,NA,NA,NA,"3.301020e-03",NA,NA,NA,"0.0026801406",NA,NA,NA,"0.0035626000",NA,NA,NA,"3.142707e-03",NA,NA,NA,NA,"0.0035132546",NA,NA,NA,NA,"0.0005371723",NA,NA,NA,NA,"0.0019253911",NA,NA,NA,NA,"0.0003162412",NA,NA,NA,NA,"0.0074378548",NA,NA,NA,NA,"0.0036880100",NA,NA,NA,NA,"0.0041357073",NA,NA,NA,NA,"3.636545e-03",NA,NA,NA,NA,"0.0041742951",NA,NA,NA,NA,"7.418270e-03",NA,NA,NA,NA,"0.0021531836",NA,NA,NA,NA,"0.0020911752",NA,NA,NA,NA,"0.0048069089",NA,NA,NA,NA,"0.0053721582",NA,NA,NA,NA,"2.880348e-03",NA,NA,NA,NA,"0.0011932527",NA,NA,NA,NA,"0.0043636364",NA,"ASV43"
"Bacteria|Bacteroidetes|Bacteroidia|Bacteroidales|Porphyromonadaceae|Parabacteroides",NA,NA,NA,"0.0015750394",NA,NA,NA,NA,"1.841031e-03",NA,NA,NA,NA,"0.0020032996",NA,NA,NA,NA,"0.0041879658",NA,NA,NA,NA,"2.632459e-03",NA,NA,NA,"0.0021968366",NA,NA,NA,"0.0033444816",NA,NA,NA,"1.571354e-03",NA,NA,NA,NA,"0.0022357074",NA,NA,NA,NA,"0.0050494199",NA,NA,NA,NA,"0.0012635379",NA,NA,NA,NA,"0.0018522702",NA,NA,NA,NA,"0.0041103934",NA,NA,NA,NA,"0.0058851224",NA,NA,NA,NA,"0.0022430955",NA,NA,NA,NA,"1.594102e-03",NA,NA,NA,NA,"0.0036616624",NA,NA,NA,NA,"5.175537e-03",NA,NA,NA,NA,"0.0016533374",NA,NA,NA,NA,"0.0016729402",NA,NA,NA,NA,"0.0023627179",NA,NA,NA,NA,"0.0024525070",NA,NA,NA,NA,"3.588630e-03",NA,NA,NA,NA,"0.0046645333",NA,NA,NA,NA,"0.0027012987",NA,"ASV44"
"Bacteria|Firmicutes|Erysipelotrichi|Erysipelotrichales|Erysipelotrichaceae|Catenibacterium",NA,NA,NA,"0.0177754444",NA,NA,NA,NA,"0.000000e+00",NA,NA,NA,NA,"0.0000000000",NA,NA,NA,NA,"0.0002463509",NA,NA,NA,NA,"0.000000e+00",NA,NA,NA,"0.0006590510",NA,NA,NA,"0.0000000000",NA,NA,NA,"0.000000e+00",NA,NA,NA,NA,"0.0000000000",NA,NA,NA,NA,"0.0000000000",NA,NA,NA,NA,"0.0014440433",NA,NA,NA,NA,"0.0000000000",NA,NA,NA,NA,"0.0004567104",NA,NA,NA,NA,"0.0000000000",NA,NA,NA,NA,"0.0000000000",NA,NA,NA,NA,"3.985255e-04",NA,NA,NA,NA,"0.0000000000",NA,NA,NA,NA,"9.488484e-04",NA,NA,NA,NA,"0.0086896340",NA,NA,NA,NA,"0.0000000000",NA,NA,NA,NA,"0.0000000000",NA,NA,NA,NA,"0.0000000000",NA,NA,NA,NA,"9.443762e-05",NA,NA,NA,NA,"0.0000000000",NA,NA,NA,NA,"0.0000000000",NA,"ASV45"
"Bacteria|Firmicutes|Clostridia|Clostridiales|Ruminococcaceae|Gemmiger",NA,NA,NA,"0.0048001200",NA,NA,NA,NA,"0.000000e+00",NA,NA,NA,NA,"0.0000000000",NA,NA,NA,NA,"0.0011085792",NA,NA,NA,NA,"0.000000e+00",NA,NA,NA,"0.0029437610",NA,NA,NA,"0.0000000000",NA,NA,NA,"0.000000e+00",NA,NA,NA,NA,"0.0000000000",NA,NA,NA,NA,"0.0000000000",NA,NA,NA,NA,"0.0004211793",NA,NA,NA,NA,"0.0000000000",NA,NA,NA,NA,"0.0006524434",NA,NA,NA,NA,"0.0000000000",NA,NA,NA,NA,"0.0000000000",NA,NA,NA,NA,"1.544286e-03",NA,NA,NA,NA,"0.0000000000",NA,NA,NA,NA,"0.000000e+00",NA,NA,NA,NA,"0.0131498001",NA,NA,NA,NA,"0.0000000000",NA,NA,NA,NA,"0.0000000000",NA,NA,NA,NA,"0.0000000000",NA,NA,NA,NA,"0.000000e+00",NA,NA,NA,NA,"0.0000000000",NA,NA,NA,NA,"0.0004155844",NA,"ASV46"
"Bacteria|Firmicutes|Bacilli|Lactobacillales|Streptococcaceae|Streptococcus",NA,NA,NA,"0.0000000000",NA,NA,NA,NA,"2.401345e-04",NA,NA,NA,NA,"0.0010605704",NA,NA,NA,NA,"0.0010469914",NA,NA,NA,NA,"2.423533e-03",NA,NA,NA,"0.0005711775",NA,NA,NA,"0.0000000000",NA,NA,NA,"1.857054e-03",NA,NA,NA,NA,"0.0084637496",NA,NA,NA,NA,"0.0221314998",NA,NA,NA,NA,"0.0035499398",NA,NA,NA,NA,"0.0071380167",NA,NA,NA,NA,"0.0014353755",NA,NA,NA,NA,"0.0000000000",NA,NA,NA,NA,"0.0043459975",NA,NA,NA,NA,"5.131015e-03",NA,NA,NA,NA,"0.0010252655",NA,NA,NA,NA,"0.000000e+00",NA,NA,NA,NA,"0.0163795755",NA,NA,NA,NA,"0.0000000000",NA,NA,NA,NA,"0.0008147303",NA,NA,NA,NA,"0.0033089380",NA,NA,NA,NA,"2.124847e-03",NA,NA,NA,NA,"0.0000000000",NA,NA,NA,NA,"0.0000000000",NA,"ASV47"
"Bacteria|Firmicutes|Erysipelotrichi|Erysipelotrichales|Erysipelotrichaceae|[Eubacterium]",NA,NA,NA,"0.0048001200",NA,NA,NA,NA,"0.000000e+00",NA,NA,NA,NA,"0.0027103465",NA,NA,NA,NA,"0.0014781056",NA,NA,NA,NA,"3.551730e-03",NA,NA,NA,"0.0019332162",NA,NA,NA,"0.0007270612",NA,NA,NA,"1.285653e-03",NA,NA,NA,NA,"0.0003193868",NA,NA,NA,NA,"0.0000000000",NA,NA,NA,NA,"0.0015643803",NA,NA,NA,NA,"0.0000000000",NA,NA,NA,NA,"0.0009786651",NA,NA,NA,NA,"0.0003923415",NA,NA,NA,NA,"0.0000000000",NA,NA,NA,NA,"1.843180e-03",NA,NA,NA,NA,"0.0000000000",NA,NA,NA,NA,"7.332011e-04",NA,NA,NA,NA,"0.0104967702",NA,NA,NA,NA,"0.0000000000",NA,NA,NA,NA,"0.0006517843",NA,NA,NA,NA,"0.0004282155",NA,NA,NA,NA,"7.555010e-04",NA,NA,NA,NA,"0.0004339101",NA,NA,NA,NA,"0.0015064935",NA,"ASV48"
"Bacteria|Cyanobacteria|4C0d-2|YS2|unclassified_YS2|unclassified_YS2",NA,NA,NA,"0.0027000675",NA,NA,NA,NA,"2.321300e-03",NA,NA,NA,NA,"0.0035352345",NA,NA,NA,NA,"0.0015396933",NA,NA,NA,NA,"5.014207e-03",NA,NA,NA,"0.0060193322",NA,NA,NA,"0.0048713102",NA,NA,NA,"0.000000e+00",NA,NA,NA,NA,"0.0014372405",NA,NA,NA,NA,"0.0037602063",NA,NA,NA,NA,"0.0025270758",NA,NA,NA,NA,"0.0033431218",NA,NA,NA,NA,"0.0050890585",NA,NA,NA,NA,"0.0007062147",NA,NA,NA,NA,"0.0028739661",NA,NA,NA,NA,"9.464980e-04",NA,NA,NA,NA,"0.0019772977",NA,NA,NA,NA,"3.924782e-03",NA,NA,NA,NA,"0.0015764380",NA,NA,NA,NA,"0.0054370556",NA,NA,NA,NA,"0.0010591494",NA,NA,NA,NA,"0.0036203675",NA,NA,NA,NA,"1.794315e-03",NA,NA,NA,NA,"0.0014102077",NA,NA,NA,NA,"0.0017662338",NA,"ASV49"
"Bacteria|Firmicutes|Clostridia|Clostridiales|Peptostreptococcaceae|unclassified_Peptostreptococcaceae",NA,NA,NA,"0.0397509938",NA,NA,NA,NA,"2.425358e-02",NA,NA,NA,NA,"0.0464294132",NA,NA,NA,NA,"0.0261131983",NA,NA,NA,NA,"3.831690e-02",NA,NA,NA,"0.0513620387",NA,NA,NA,"0.0400610731",NA,NA,NA,"5.199752e-02",NA,NA,NA,NA,"0.0277866496",NA,NA,NA,NA,"0.0388912763",NA,NA,NA,NA,"0.0380264741",NA,NA,NA,NA,"0.0571493110",NA,NA,NA,NA,"0.0375154955",NA,NA,NA,NA,"0.0277777778",NA,NA,NA,NA,"0.0393242675",NA,NA,NA,NA,"4.727508e-02",NA,NA,NA,NA,"0.0364701575",NA,NA,NA,NA,"3.881653e-02",NA,NA,NA,NA,"0.0447554599",NA,NA,NA,NA,"0.0487662066",NA,NA,NA,NA,"0.0409809353",NA,NA,NA,NA,"0.0312597322",NA,NA,NA,NA,"5.189347e-02",NA,NA,NA,NA,"0.0425774258",NA,NA,NA,NA,"0.0510129870",NA,"ASV5"
"Bacteria|Firmicutes|Clostridia|Clostridiales|Lachnospiraceae|[Ruminococcus]",NA,NA,NA,"0.0000000000",NA,NA,NA,NA,"7.204034e-04",NA,NA,NA,NA,"0.0011784115",NA,NA,NA,NA,"0.0010469914",NA,NA,NA,NA,"1.211767e-03",NA,NA,NA,"0.0000000000",NA,NA,NA,"0.0000000000",NA,NA,NA,"1.285653e-03",NA,NA,NA,NA,"0.0000000000",NA,NA,NA,NA,"0.0000000000",NA,NA,NA,NA,"0.0010228640",NA,NA,NA,NA,"0.0004065959",NA,NA,NA,NA,"0.0000000000",NA,NA,NA,NA,"0.0011770245",NA,NA,NA,NA,"0.0007009673",NA,NA,NA,NA,"1.394839e-03",NA,NA,NA,NA,"0.0005858660",NA,NA,NA,NA,"7.332011e-04",NA,NA,NA,NA,"0.0013841895",NA,NA,NA,NA,"0.0015892932",NA,NA,NA,NA,"0.0000000000",NA,NA,NA,NA,"0.0005839302",NA,NA,NA,NA,"5.194069e-04",NA,NA,NA,NA,"0.0000000000",NA,NA,NA,NA,"0.0009350649",NA,"ASV50"
"Bacteria|Verrucomicrobia|Verruco-5|WCHB1-41|RFP12|unclassified_RFP12",NA,NA,NA,"0.0044251106",NA,NA,NA,NA,"2.001121e-03",NA,NA,NA,NA,"0.0017676173",NA,NA,NA,NA,"0.0018476320",NA,NA,NA,NA,"1.044626e-03",NA,NA,NA,"0.0020210896",NA,NA,NA,"0.0008724735",NA,NA,NA,"3.047474e-03",NA,NA,NA,NA,"0.0006387736",NA,NA,NA,NA,"0.0005371723",NA,NA,NA,NA,"0.0028880866",NA,NA,NA,NA,"0.0000000000",NA,NA,NA,NA,"0.0046323481",NA,NA,NA,NA,"0.0044726930",NA,NA,NA,NA,"0.0028038693",NA,NA,NA,NA,"3.736176e-03",NA,NA,NA,NA,"0.0034419627",NA,NA,NA,NA,"5.520573e-03",NA,NA,NA,NA,"0.0003460474",NA,NA,NA,NA,"0.0018402342",NA,NA,NA,NA,"0.0018738797",NA,NA,NA,NA,"0.0029196512",NA,NA,NA,NA,"1.983190e-03",NA,NA,NA,NA,"0.0009220589",NA,NA,NA,NA,"0.0013506494",NA,"ASV51"
"Bacteria|Bacteroidetes|Bacteroidia|Bacteroidales|[Paraprevotellaceae]|unclassified_[Paraprevotellaceae]",NA,NA,NA,"0.0005250131",NA,NA,NA,NA,"1.440807e-03",NA,NA,NA,NA,"0.0003535235",NA,NA,NA,NA,"0.0027714479",NA,NA,NA,NA,"3.760655e-03",NA,NA,NA,"0.0000000000",NA,NA,NA,"0.0005089429",NA,NA,NA,"1.285653e-03",NA,NA,NA,NA,"0.0031140211",NA,NA,NA,NA,"0.0012892136",NA,NA,NA,NA,"0.0010228640",NA,NA,NA,NA,"0.0015812062",NA,NA,NA,NA,"0.0048280812",NA,NA,NA,NA,"0.0019617075",NA,NA,NA,NA,"0.0021729987",NA,NA,NA,NA,"1.793365e-03",NA,NA,NA,NA,"0.0018308312",NA,NA,NA,NA,"2.717157e-03",NA,NA,NA,NA,"0.0008074439",NA,NA,NA,NA,"0.0020075282",NA,NA,NA,NA,"0.0018738797",NA,NA,NA,NA,"0.0010510744",NA,NA,NA,NA,"2.644253e-03",NA,NA,NA,NA,"0.0017898790",NA,NA,NA,NA,"0.0008311688",NA,"ASV52"
"Bacteria|Bacteroidetes|Bacteroidia|Bacteroidales|[Paraprevotellaceae]|[Prevotella]",NA,NA,NA,"0.0036750919",NA,NA,NA,NA,"2.441367e-03",NA,NA,NA,NA,"0.0004713646",NA,NA,NA,NA,"0.0022787461",NA,NA,NA,NA,"7.939161e-04",NA,NA,NA,"0.0026801406",NA,NA,NA,"0.0002908245",NA,NA,NA,"2.142755e-03",NA,NA,NA,NA,"0.0009581603",NA,NA,NA,NA,"0.0017189514",NA,NA,NA,NA,"0.0004211793",NA,NA,NA,NA,"0.0020781568",NA,NA,NA,NA,"0.0051543029",NA,NA,NA,NA,"0.0017263026",NA,NA,NA,NA,"0.0011916445",NA,NA,NA,NA,"4.583043e-03",NA,NA,NA,NA,"0.0015378982",NA,NA,NA,NA,"1.207625e-03",NA,NA,NA,NA,"0.0023838819",NA,NA,NA,NA,"0.0010874111",NA,NA,NA,NA,"0.0030959752",NA,NA,NA,NA,"0.0026860791",NA,NA,NA,NA,"2.313722e-03",NA,NA,NA,NA,"0.0014644465",NA,NA,NA,NA,"0.0013506494",NA,"ASV53"
"Bacteria|Firmicutes|Clostridia|Clostridiales|Clostridiaceae|Sarcina",NA,NA,NA,"0.0000000000",NA,NA,NA,NA,"0.000000e+00",NA,NA,NA,NA,"0.0000000000",NA,NA,NA,NA,"0.0000000000",NA,NA,NA,NA,"0.000000e+00",NA,NA,NA,"0.0000000000",NA,NA,NA,"0.0000000000",NA,NA,NA,"0.000000e+00",NA,NA,NA,NA,"0.0000000000",NA,NA,NA,NA,"0.0000000000",NA,NA,NA,NA,"0.0000000000",NA,NA,NA,NA,"0.0003162412",NA,NA,NA,NA,"0.0000000000",NA,NA,NA,NA,"0.0000000000",NA,NA,NA,NA,"0.0000000000",NA,NA,NA,NA,"0.000000e+00",NA,NA,NA,NA,"0.0000000000",NA,NA,NA,NA,"0.000000e+00",NA,NA,NA,NA,"0.0004613965",NA,NA,NA,NA,"0.0004182350",NA,NA,NA,NA,"0.0000000000",NA,NA,NA,NA,"0.0000000000",NA,NA,NA,NA,"0.000000e+00",NA,NA,NA,NA,"0.0000000000",NA,NA,NA,NA,"0.0000000000",NA,"ASV54"
"Bacteria|Firmicutes|Erysipelotrichi|Erysipelotrichales|Erysipelotrichaceae|Bulleidia",NA,NA,NA,"0.0039750994",NA,NA,NA,NA,"2.001121e-04",NA,NA,NA,NA,"0.0009427292",NA,NA,NA,NA,"0.0004927019",NA,NA,NA,NA,"1.420692e-03",NA,NA,NA,"0.0007029877",NA,NA,NA,"0.0004362367",NA,NA,NA,"6.190181e-04",NA,NA,NA,NA,"0.0000000000",NA,NA,NA,NA,"0.0000000000",NA,NA,NA,NA,"0.0012635379",NA,NA,NA,NA,"0.0000000000",NA,NA,NA,NA,"0.0007829321",NA,NA,NA,NA,"0.0003138732",NA,NA,NA,NA,"0.0000000000",NA,NA,NA,NA,"4.483411e-04",NA,NA,NA,NA,"0.0000000000",NA,NA,NA,NA,"8.194600e-04",NA,NA,NA,NA,"0.0084589357",NA,NA,NA,NA,"0.0000000000",NA,NA,NA,NA,"0.0007332573",NA,NA,NA,NA,"0.0000000000",NA,NA,NA,NA,"2.833129e-04",NA,NA,NA,NA,"0.0000000000",NA,NA,NA,NA,"0.0008831169",NA,"ASV55"
"Bacteria|Firmicutes|Clostridia|Clostridiales|Lachnospiraceae|Oribacterium",NA,NA,NA,"0.0090752269",NA,NA,NA,NA,"3.602017e-04",NA,NA,NA,NA,"0.0000000000",NA,NA,NA,NA,"0.0004927019",NA,NA,NA,NA,"2.507103e-04",NA,NA,NA,"0.0027680141",NA,NA,NA,"0.0000000000",NA,NA,NA,"0.000000e+00",NA,NA,NA,NA,"0.0004790802",NA,NA,NA,NA,"0.0000000000",NA,NA,NA,NA,"0.0013838748",NA,NA,NA,NA,"0.0000000000",NA,NA,NA,NA,"0.0007829321",NA,NA,NA,NA,"0.0000000000",NA,NA,NA,NA,"0.0017524183",NA,NA,NA,NA,"3.387466e-03",NA,NA,NA,NA,"0.0000000000",NA,NA,NA,NA,"1.682050e-03",NA,NA,NA,NA,"0.0124577053",NA,NA,NA,NA,"0.0000000000",NA,NA,NA,NA,"0.0000000000",NA,NA,NA,NA,"0.0000000000",NA,NA,NA,NA,"4.721881e-04",NA,NA,NA,NA,"0.0005966263",NA,NA,NA,NA,"0.0000000000",NA,"ASV56"
"Bacteria|Firmicutes|Clostridia|Clostridiales|[Mogibacteriaceae]|Mogibacterium",NA,NA,NA,"0.0000000000",NA,NA,NA,NA,"3.602017e-04",NA,NA,NA,NA,"0.0012962527",NA,NA,NA,NA,"0.0007390528",NA,NA,NA,NA,"1.169982e-03",NA,NA,NA,"0.0005272408",NA,NA,NA,"0.0010178857",NA,NA,NA,"1.428503e-03",NA,NA,NA,NA,"0.0005589269",NA,NA,NA,NA,"0.0000000000",NA,NA,NA,NA,"0.0009025271",NA,NA,NA,NA,"0.0000000000",NA,NA,NA,NA,"0.0011091538",NA,NA,NA,NA,"0.0000000000",NA,NA,NA,NA,"0.0015421281",NA,NA,NA,NA,"2.391153e-03",NA,NA,NA,NA,"0.0000000000",NA,NA,NA,NA,"5.175537e-04",NA,NA,NA,NA,"0.0066133497",NA,NA,NA,NA,"0.0005855291",NA,NA,NA,NA,"0.0008147303",NA,NA,NA,NA,"0.0010900031",NA,NA,NA,NA,"0.000000e+00",NA,NA,NA,NA,"0.0000000000",NA,NA,NA,NA,"0.0000000000",NA,"ASV57"
"Bacteria|Bacteroidetes|Bacteroidia|Bacteroidales|BS11|unclassified_BS11",NA,NA,NA,"0.0000000000",NA,NA,NA,NA,"1.520852e-03",NA,NA,NA,NA,"0.0053028518",NA,NA,NA,NA,"0.0004311141",NA,NA,NA,NA,"2.089253e-04",NA,NA,NA,"0.0000000000",NA,NA,NA,"0.0002908245",NA,NA,NA,"3.333175e-04",NA,NA,NA,NA,"0.0000000000",NA,NA,NA,NA,"0.0010743446",NA,NA,NA,NA,"0.0004211793",NA,NA,NA,NA,"0.0007228371",NA,NA,NA,NA,"0.0000000000",NA,NA,NA,NA,"0.0012554928",NA,NA,NA,NA,"0.0000000000",NA,NA,NA,NA,"0.000000e+00",NA,NA,NA,NA,"0.0034419627",NA,NA,NA,NA,"4.787372e-03",NA,NA,NA,NA,"0.0000000000",NA,NA,NA,NA,"0.0015056462",NA,NA,NA,NA,"0.0014665146",NA,NA,NA,NA,"0.0003503581",NA,NA,NA,NA,"5.666257e-04",NA,NA,NA,NA,"0.0001627163",NA,NA,NA,NA,"0.0011428571",NA,"ASV58"
"Archaea|Euryarchaeota|Thermoplasmata|E2|[Methanomassiliicoccaceae]|vadinCA11",NA,NA,NA,"0.0004500113",NA,NA,NA,NA,"5.603138e-04",NA,NA,NA,NA,"0.0005892058",NA,NA,NA,NA,"0.0003695264",NA,NA,NA,NA,"4.178506e-04",NA,NA,NA,"0.0000000000",NA,NA,NA,"0.0004362367",NA,NA,NA,"0.000000e+00",NA,NA,NA,NA,"0.0010380070",NA,NA,NA,NA,"0.0008594757",NA,NA,NA,NA,"0.0004211793",NA,NA,NA,NA,"0.0005421279",NA,NA,NA,NA,"0.0022835519",NA,NA,NA,NA,"0.0011770245",NA,NA,NA,NA,"0.0004906771",NA,NA,NA,NA,"3.985255e-04",NA,NA,NA,NA,"0.0014646650",NA,NA,NA,NA,"8.625895e-04",NA,NA,NA,NA,"0.0003075977",NA,NA,NA,NA,"0.0005018821",NA,NA,NA,NA,"0.0004888382",NA,NA,NA,NA,"0.0007396450",NA,NA,NA,NA,"9.915951e-04",NA,NA,NA,NA,"0.0008678201",NA,NA,NA,NA,"0.0006233766",NA,"ASV59"
"Archaea|Euryarchaeota|Methanobacteria|Methanobacteriales|Methanobacteriaceae|Methanobrevibacter",NA,NA,NA,"0.0296257406",NA,NA,NA,NA,"3.874170e-02",NA,NA,NA,NA,"0.0114305916",NA,NA,NA,NA,"0.0335653138",NA,NA,NA,NA,"4.780211e-02",NA,NA,NA,"0.0010105448",NA,NA,NA,"0.0462410935",NA,NA,NA,"4.814056e-02",NA,NA,NA,NA,"0.0334557649",NA,NA,NA,NA,"0.0956166738",NA,NA,NA,NA,"0.0463898917",NA,NA,NA,NA,"0.0600406596",NA,NA,NA,NA,"0.0363410974",NA,NA,NA,NA,"0.0465317012",NA,NA,NA,NA,"0.0502593579",NA,NA,NA,NA,"3.297798e-02",NA,NA,NA,NA,"0.0667154888",NA,NA,NA,NA,"6.693694e-02",NA,NA,NA,NA,"0.0226084282",NA,NA,NA,NA,"0.0491007946",NA,NA,NA,NA,"0.0517353756",NA,NA,NA,NA,"0.0304811585",NA,NA,NA,NA,"4.381906e-02",NA,NA,NA,NA,"0.0555404892",NA,NA,NA,NA,"0.0472207792",NA,"ASV6"
"Bacteria|Firmicutes|Clostridia|Clostridiales|Veillonellaceae|unclassified_Veillonellaceae",NA,NA,NA,"0.0000000000",NA,NA,NA,NA,"1.921076e-03",NA,NA,NA,NA,"0.0000000000",NA,NA,NA,NA,"0.0020323951",NA,NA,NA,NA,"2.089253e-04",NA,NA,NA,"0.0016695958",NA,NA,NA,"0.0013814163",NA,NA,NA,"5.237846e-04",NA,NA,NA,NA,"0.0000000000",NA,NA,NA,NA,"0.0009669102",NA,NA,NA,NA,"0.0000000000",NA,NA,NA,NA,"0.0006324825",NA,NA,NA,NA,"0.0000000000",NA,NA,NA,NA,"0.0021186441",NA,NA,NA,NA,"0.0038553203",NA,NA,NA,NA,"2.490784e-04",NA,NA,NA,NA,"0.0006590992",NA,NA,NA,NA,"6.038126e-04",NA,NA,NA,NA,"0.0001922485",NA,NA,NA,NA,"0.0015892932",NA,NA,NA,NA,"0.0006517843",NA,NA,NA,NA,"0.0012457178",NA,NA,NA,NA,"0.000000e+00",NA,NA,NA,NA,"0.0013017302",NA,NA,NA,NA,"0.0008831169",NA,"ASV60"
"Bacteria|Bacteroidetes|Bacteroidia|Bacteroidales|unclassified_Bacteroidales|unclassified_Bacteroidales",NA,NA,NA,"0.0000000000",NA,NA,NA,NA,"4.002241e-04",NA,NA,NA,NA,"0.0004713646",NA,NA,NA,NA,"0.0008006405",NA,NA,NA,NA,"0.000000e+00",NA,NA,NA,"0.0004393673",NA,NA,NA,"0.0000000000",NA,NA,NA,"5.237846e-04",NA,NA,NA,NA,"0.0006387736",NA,NA,NA,NA,"0.0012892136",NA,NA,NA,NA,"0.0002406739",NA,NA,NA,NA,"0.0006776598",NA,NA,NA,NA,"0.0005871991",NA,NA,NA,NA,"0.0013339611",NA,NA,NA,NA,"0.0004906771",NA,NA,NA,NA,"0.000000e+00",NA,NA,NA,NA,"0.0023434639",NA,NA,NA,NA,"5.175537e-04",NA,NA,NA,NA,"0.0003075977",NA,NA,NA,NA,"0.0006691761",NA,NA,NA,NA,"0.0000000000",NA,NA,NA,NA,"0.0005060729",NA,NA,NA,NA,"1.274908e-03",NA,NA,NA,NA,"0.0003254326",NA,NA,NA,NA,"0.0016103896",NA,"ASV61"
"Bacteria|Tenericutes|Mollicutes|RF39|unclassified_RF39|unclassified_RF39",NA,NA,NA,"0.0053251331",NA,NA,NA,NA,"1.200672e-03",NA,NA,NA,NA,"0.0023568230",NA,NA,NA,NA,"0.0012933424",NA,NA,NA,NA,"6.560254e-03",NA,NA,NA,"0.0006151142",NA,NA,NA,"0.0003635306",NA,NA,NA,"3.809342e-04",NA,NA,NA,NA,"0.0000000000",NA,NA,NA,NA,"0.0013966480",NA,NA,NA,NA,"0.0031889290",NA,NA,NA,NA,"0.0008583691",NA,NA,NA,NA,"0.0021530632",NA,NA,NA,NA,"0.0003923415",NA,NA,NA,NA,"0.0000000000",NA,NA,NA,NA,"2.640231e-03",NA,NA,NA,NA,"0.0025631637",NA,NA,NA,NA,"5.563702e-03",NA,NA,NA,NA,"0.0014226392",NA,NA,NA,NA,"0.0005855291",NA,NA,NA,NA,"0.0000000000",NA,NA,NA,NA,"0.0012067892",NA,NA,NA,NA,"8.971574e-04",NA,NA,NA,NA,"0.0001627163",NA,NA,NA,NA,"0.0004155844",NA,"ASV62"
"Bacteria|Firmicutes|Clostridia|Clostridiales|Ruminococcaceae|Faecalibacterium",NA,NA,NA,"0.0000000000",NA,NA,NA,NA,"3.602017e-04",NA,NA,NA,NA,"0.0000000000",NA,NA,NA,NA,"0.0000000000",NA,NA,NA,NA,"4.178506e-04",NA,NA,NA,"0.0024604569",NA,NA,NA,"0.0000000000",NA,NA,NA,"9.523356e-04",NA,NA,NA,NA,"0.0009581603",NA,NA,NA,NA,"0.0000000000",NA,NA,NA,NA,"0.0011432010",NA,NA,NA,NA,"0.0000000000",NA,NA,NA,NA,"0.0000000000",NA,NA,NA,NA,"0.0002354049",NA,NA,NA,NA,"0.0012617412",NA,NA,NA,NA,"2.490784e-03",NA,NA,NA,NA,"0.0000000000",NA,NA,NA,NA,"2.156474e-04",NA,NA,NA,NA,"0.0049984620",NA,NA,NA,NA,"0.0000000000",NA,NA,NA,NA,"0.0004888382",NA,NA,NA,NA,"0.0001946434",NA,NA,NA,NA,"4.249693e-04",NA,NA,NA,NA,"0.0000000000",NA,NA,NA,NA,"0.0000000000",NA,"ASV63"
"Bacteria|Firmicutes|Clostridia|Clostridiales|Lachnospiraceae|Epulopiscium",NA,NA,NA,"0.0004500113",NA,NA,NA,NA,"5.603138e-04",NA,NA,NA,NA,"0.0000000000",NA,NA,NA,NA,"0.0009238160",NA,NA,NA,NA,"0.000000e+00",NA,NA,NA,"0.0003514938",NA,NA,NA,"0.0011632979",NA,NA,NA,"4.285510e-04",NA,NA,NA,NA,"0.0000000000",NA,NA,NA,NA,"0.0000000000",NA,NA,NA,NA,"0.0004211793",NA,NA,NA,NA,"0.0009487237",NA,NA,NA,NA,"0.0009786651",NA,NA,NA,NA,"0.0000000000",NA,NA,NA,NA,"0.0000000000",NA,NA,NA,NA,"0.000000e+00",NA,NA,NA,NA,"0.0008787990",NA,NA,NA,NA,"0.000000e+00",NA,NA,NA,NA,"0.0004613965",NA,NA,NA,NA,"0.0009201171",NA,NA,NA,NA,"0.0000000000",NA,NA,NA,NA,"0.0001946434",NA,NA,NA,NA,"1.180470e-03",NA,NA,NA,NA,"0.0000000000",NA,NA,NA,NA,"0.0009350649",NA,"ASV64"
"Bacteria|Firmicutes|Clostridia|Clostridiales|unclassified_Clostridiales|unclassified_Clostridiales",NA,NA,NA,"0.0003000075",NA,NA,NA,NA,"0.000000e+00",NA,NA,NA,NA,"0.0000000000",NA,NA,NA,NA,"0.0003079387",NA,NA,NA,NA,"3.760655e-04",NA,NA,NA,"0.0002196837",NA,NA,NA,"0.0006543551",NA,NA,NA,"5.714014e-04",NA,NA,NA,NA,"0.0003193868",NA,NA,NA,NA,"0.0000000000",NA,NA,NA,NA,"0.0013237064",NA,NA,NA,NA,"0.0010842557",NA,NA,NA,NA,"0.0000000000",NA,NA,NA,NA,"0.0007062147",NA,NA,NA,NA,"0.0008411608",NA,NA,NA,NA,"0.000000e+00",NA,NA,NA,NA,"0.0000000000",NA,NA,NA,NA,"4.744242e-04",NA,NA,NA,NA,"0.0003075977",NA,NA,NA,NA,"0.0007528231",NA,NA,NA,NA,"0.0004073652",NA,NA,NA,NA,"0.0000000000",NA,NA,NA,NA,"0.000000e+00",NA,NA,NA,NA,"0.0022237891",NA,NA,NA,NA,"0.0003116883",NA,"ASV65"
"Bacteria|Bacteroidetes|Bacteroidia|Bacteroidales|[Paraprevotellaceae]|unclassified_[Paraprevotellaceae]",NA,NA,NA,"0.0004500113",NA,NA,NA,NA,"1.200672e-03",NA,NA,NA,NA,"0.0007070469",NA,NA,NA,NA,"0.0003695264",NA,NA,NA,NA,"4.178506e-04",NA,NA,NA,"0.0000000000",NA,NA,NA,"0.0000000000",NA,NA,NA,"0.000000e+00",NA,NA,NA,NA,"0.0004790802",NA,NA,NA,NA,"0.0000000000",NA,NA,NA,NA,"0.0000000000",NA,NA,NA,NA,"0.0000000000",NA,NA,NA,NA,"0.0000000000",NA,NA,NA,NA,"0.0006277464",NA,NA,NA,NA,"0.0000000000",NA,NA,NA,NA,"3.985255e-04",NA,NA,NA,NA,"0.0006590992",NA,NA,NA,NA,"3.450358e-04",NA,NA,NA,NA,"0.0001537988",NA,NA,NA,NA,"0.0005018821",NA,NA,NA,NA,"0.0000000000",NA,NA,NA,NA,"0.0005450016",NA,NA,NA,NA,"5.666257e-04",NA,NA,NA,NA,"0.0000000000",NA,NA,NA,NA,"0.0025974026",NA,"ASV66"
"Bacteria|Firmicutes|Erysipelotrichi|Erysipelotrichales|Erysipelotrichaceae|p-75-a5",NA,NA,NA,"0.0009750244",NA,NA,NA,NA,"0.000000e+00",NA,NA,NA,NA,"0.0000000000",NA,NA,NA,NA,"0.0002463509",NA,NA,NA,NA,"2.507103e-04",NA,NA,NA,"0.0002636204",NA,NA,NA,"0.0000000000",NA,NA,NA,"3.809342e-04",NA,NA,NA,NA,"0.0000000000",NA,NA,NA,NA,"0.0000000000",NA,NA,NA,NA,"0.0002406739",NA,NA,NA,NA,"0.0000000000",NA,NA,NA,NA,"0.0004567104",NA,NA,NA,NA,"0.0000000000",NA,NA,NA,NA,"0.0000000000",NA,NA,NA,NA,"8.966823e-04",NA,NA,NA,NA,"0.0002929330",NA,NA,NA,NA,"6.038126e-04",NA,NA,NA,NA,"0.0012688404",NA,NA,NA,NA,"0.0002509410",NA,NA,NA,NA,"0.0000000000",NA,NA,NA,NA,"0.0000000000",NA,NA,NA,NA,"0.000000e+00",NA,NA,NA,NA,"0.0000000000",NA,NA,NA,NA,"0.0000000000",NA,"ASV67"
"Bacteria|Firmicutes|Clostridia|Clostridiales|Veillonellaceae|unclassified_Veillonellaceae",NA,NA,NA,"0.0011250281",NA,NA,NA,NA,"4.002241e-03",NA,NA,NA,NA,"0.0000000000",NA,NA,NA,NA,"0.0000000000",NA,NA,NA,NA,"5.432057e-04",NA,NA,NA,"0.0000000000",NA,NA,NA,"0.0000000000",NA,NA,NA,"0.000000e+00",NA,NA,NA,NA,"0.0000000000",NA,NA,NA,NA,"0.0008594757",NA,NA,NA,NA,"0.0000000000",NA,NA,NA,NA,"0.0000000000",NA,NA,NA,NA,"0.0000000000",NA,NA,NA,NA,"0.0000000000",NA,NA,NA,NA,"0.0011916445",NA,NA,NA,NA,"4.483411e-04",NA,NA,NA,NA,"0.0000000000",NA,NA,NA,NA,"4.312947e-04",NA,NA,NA,NA,"0.0009996924",NA,NA,NA,NA,"0.0000000000",NA,NA,NA,NA,"0.0000000000",NA,NA,NA,NA,"0.0000000000",NA,NA,NA,NA,"0.000000e+00",NA,NA,NA,NA,"0.0000000000",NA,NA,NA,NA,"0.0000000000",NA,"ASV68"
"Bacteria|Bacteroidetes|Bacteroidia|Bacteroidales|RF16|unclassified_RF16",NA,NA,NA,"0.0000000000",NA,NA,NA,NA,"5.603138e-04",NA,NA,NA,NA,"0.0004713646",NA,NA,NA,NA,"0.0003079387",NA,NA,NA,NA,"5.432057e-04",NA,NA,NA,"0.0001318102",NA,NA,NA,"0.0003635306",NA,NA,NA,"0.000000e+00",NA,NA,NA,NA,"0.0000000000",NA,NA,NA,NA,"0.0000000000",NA,NA,NA,NA,"0.0000000000",NA,NA,NA,NA,"0.0005873052",NA,NA,NA,NA,"0.0014353755",NA,NA,NA,NA,"0.0006277464",NA,NA,NA,NA,"0.0002102902",NA,NA,NA,NA,"0.000000e+00",NA,NA,NA,NA,"0.0007323325",NA,NA,NA,NA,"4.312947e-04",NA,NA,NA,NA,"0.0001922485",NA,NA,NA,NA,"0.0005018821",NA,NA,NA,NA,"0.0003258921",NA,NA,NA,NA,"0.0001557147",NA,NA,NA,NA,"1.888752e-04",NA,NA,NA,NA,"0.0000000000",NA,NA,NA,NA,"0.0008311688",NA,"ASV69"
"Bacteria|Bacteroidetes|Bacteroidia|Bacteroidales|[Paraprevotellaceae]|YRC22",NA,NA,NA,"0.0071251781",NA,NA,NA,NA,"1.012167e-01",NA,NA,NA,NA,"0.0096629743",NA,NA,NA,NA,"0.0708874792",NA,NA,NA,NA,"3.150593e-02",NA,NA,NA,"0.0092706503",NA,NA,NA,"0.0579467791",NA,NA,NA,"5.433075e-02",NA,NA,NA,NA,"0.0504631108",NA,NA,NA,NA,"0.0544692737",NA,NA,NA,NA,"0.0351985560",NA,NA,NA,NA,"0.0742263384",NA,NA,NA,NA,"0.0743785477",NA,NA,NA,NA,"0.0839610797",NA,NA,NA,NA,"0.0890228515",NA,NA,NA,NA,"4.438577e-02",NA,NA,NA,NA,"0.0706700842",NA,NA,NA,NA,"7.616665e-02",NA,NA,NA,NA,"0.0056136573",NA,NA,NA,NA,"0.0892513593",NA,NA,NA,NA,"0.0706371191",NA,NA,NA,NA,"0.0990734974",NA,NA,NA,NA,"7.375578e-02",NA,NA,NA,NA,"0.0885176547",NA,NA,NA,NA,"0.0396363636",NA,"ASV7"
"Bacteria|Proteobacteria|Deltaproteobacteria|Desulfovibrionales|Desulfovibrionaceae|Desulfovibrio",NA,NA,NA,"0.0003000075",NA,NA,NA,NA,"2.001121e-04",NA,NA,NA,NA,"0.0000000000",NA,NA,NA,NA,"0.0000000000",NA,NA,NA,NA,"8.357012e-05",NA,NA,NA,"0.0000000000",NA,NA,NA,"0.0002908245",NA,NA,NA,"0.000000e+00",NA,NA,NA,NA,"0.0000000000",NA,NA,NA,NA,"0.0013966480",NA,NA,NA,NA,"0.0000000000",NA,NA,NA,NA,"0.0009035464",NA,NA,NA,NA,"0.0003262217",NA,NA,NA,NA,"0.0006277464",NA,NA,NA,NA,"0.0021029020",NA,NA,NA,NA,"0.000000e+00",NA,NA,NA,NA,"0.0008055657",NA,NA,NA,NA,"1.250755e-03",NA,NA,NA,NA,"0.0002691480",NA,NA,NA,NA,"0.0000000000",NA,NA,NA,NA,"0.0002444191",NA,NA,NA,NA,"0.0000000000",NA,NA,NA,NA,"0.000000e+00",NA,NA,NA,NA,"0.0019525953",NA,NA,NA,NA,"0.0000000000",NA,"ASV70"
"Bacteria|Firmicutes|Clostridia|Clostridiales|Lachnospiraceae|Roseburia",NA,NA,NA,"0.0000000000",NA,NA,NA,NA,"1.200672e-03",NA,NA,NA,NA,"0.0000000000",NA,NA,NA,NA,"0.0004311141",NA,NA,NA,NA,"1.044626e-03",NA,NA,NA,"0.0000000000",NA,NA,NA,"0.0000000000",NA,NA,NA,"1.095186e-03",NA,NA,NA,NA,"0.0000000000",NA,NA,NA,NA,"0.0000000000",NA,NA,NA,NA,"0.0000000000",NA,NA,NA,NA,"0.0000000000",NA,NA,NA,NA,"0.0000000000",NA,NA,NA,NA,"0.0000000000",NA,NA,NA,NA,"0.0000000000",NA,NA,NA,NA,"2.889310e-03",NA,NA,NA,NA,"0.0000000000",NA,NA,NA,NA,"0.000000e+00",NA,NA,NA,NA,"0.0144955398",NA,NA,NA,NA,"0.0000000000",NA,NA,NA,NA,"0.0000000000",NA,NA,NA,NA,"0.0000000000",NA,NA,NA,NA,"0.000000e+00",NA,NA,NA,NA,"0.0000000000",NA,NA,NA,NA,"0.0020259740",NA,"ASV71"
"Bacteria|Proteobacteria|Gammaproteobacteria|Aeromonadales|Succinivibrionaceae|Succinivibrio",NA,NA,NA,"0.0000000000",NA,NA,NA,NA,"0.000000e+00",NA,NA,NA,NA,"0.0000000000",NA,NA,NA,NA,"0.0025250970",NA,NA,NA,NA,"5.432057e-04",NA,NA,NA,"0.0002636204",NA,NA,NA,"0.0002181184",NA,NA,NA,"0.000000e+00",NA,NA,NA,NA,"0.0000000000",NA,NA,NA,NA,"0.0004297379",NA,NA,NA,NA,"0.0000000000",NA,NA,NA,NA,"0.0000000000",NA,NA,NA,NA,"0.0000000000",NA,NA,NA,NA,"0.0000000000",NA,NA,NA,NA,"0.0000000000",NA,NA,NA,NA,"3.487098e-04",NA,NA,NA,NA,"0.0000000000",NA,NA,NA,NA,"1.293884e-04",NA,NA,NA,NA,"0.0004229468",NA,NA,NA,NA,"0.0000000000",NA,NA,NA,NA,"0.0000000000",NA,NA,NA,NA,"0.0000000000",NA,NA,NA,NA,"0.000000e+00",NA,NA,NA,NA,"0.0005423876",NA,NA,NA,NA,"0.0001558442",NA,"ASV72"
"Bacteria|Tenericutes|Mollicutes|Anaeroplasmatales|Anaeroplasmataceae|Anaeroplasma",NA,NA,NA,"0.0000000000",NA,NA,NA,NA,"1.200672e-04",NA,NA,NA,NA,"0.0000000000",NA,NA,NA,NA,"0.0006774650",NA,NA,NA,NA,"4.596356e-04",NA,NA,NA,"0.0000000000",NA,NA,NA,"0.0002181184",NA,NA,NA,"1.904671e-04",NA,NA,NA,NA,"0.0003193868",NA,NA,NA,NA,"0.0000000000",NA,NA,NA,NA,"0.0006618532",NA,NA,NA,NA,"0.0030720578",NA,NA,NA,NA,"0.0006524434",NA,NA,NA,NA,"0.0003138732",NA,NA,NA,NA,"0.0002803869",NA,NA,NA,NA,"0.000000e+00",NA,NA,NA,NA,"0.0002929330",NA,NA,NA,NA,"0.000000e+00",NA,NA,NA,NA,"0.0000000000",NA,NA,NA,NA,"0.0000000000",NA,NA,NA,NA,"0.0003258921",NA,NA,NA,NA,"0.0001946434",NA,NA,NA,NA,"0.000000e+00",NA,NA,NA,NA,"0.0000000000",NA,NA,NA,NA,"0.0010389610",NA,"ASV73"
"Bacteria|Firmicutes|Erysipelotrichi|Erysipelotrichales|Erysipelotrichaceae|unclassified_Erysipelotrichaceae",NA,NA,NA,"0.0004500113",NA,NA,NA,NA,"0.000000e+00",NA,NA,NA,NA,"0.0002356823",NA,NA,NA,NA,"0.0000000000",NA,NA,NA,NA,"3.342805e-04",NA,NA,NA,"0.0000000000",NA,NA,NA,"0.0000000000",NA,NA,NA,"0.000000e+00",NA,NA,NA,NA,"0.0000000000",NA,NA,NA,NA,"0.0000000000",NA,NA,NA,NA,"0.0006016847",NA,NA,NA,NA,"0.0000000000",NA,NA,NA,NA,"0.0000000000",NA,NA,NA,NA,"0.0000000000",NA,NA,NA,NA,"0.0000000000",NA,NA,NA,NA,"0.000000e+00",NA,NA,NA,NA,"0.0000000000",NA,NA,NA,NA,"2.587768e-04",NA,NA,NA,NA,"0.0008074439",NA,NA,NA,NA,"0.0000000000",NA,NA,NA,NA,"0.0000000000",NA,NA,NA,NA,"0.0000000000",NA,NA,NA,NA,"0.000000e+00",NA,NA,NA,NA,"0.0000000000",NA,NA,NA,NA,"0.0005714286",NA,"ASV74"
"Bacteria|Proteobacteria|Epsilonproteobacteria|Campylobacterales|Campylobacteraceae|Campylobacter",NA,NA,NA,"0.0000000000",NA,NA,NA,NA,"0.000000e+00",NA,NA,NA,NA,"0.0003535235",NA,NA,NA,NA,"0.0000000000",NA,NA,NA,NA,"1.253552e-04",NA,NA,NA,"0.0000000000",NA,NA,NA,"0.0005816490",NA,NA,NA,"0.000000e+00",NA,NA,NA,NA,"0.0000000000",NA,NA,NA,NA,"0.0015040825",NA,NA,NA,NA,"0.0000000000",NA,NA,NA,NA,"0.0000000000",NA,NA,NA,NA,"0.0005219547",NA,NA,NA,NA,"0.0000000000",NA,NA,NA,NA,"0.0000000000",NA,NA,NA,NA,"4.483411e-04",NA,NA,NA,NA,"0.0022702307",NA,NA,NA,NA,"0.000000e+00",NA,NA,NA,NA,"0.0008458936",NA,NA,NA,NA,"0.0000000000",NA,NA,NA,NA,"0.0000000000",NA,NA,NA,NA,"0.0001557147",NA,NA,NA,NA,"9.443762e-05",NA,NA,NA,NA,"0.0000000000",NA,NA,NA,NA,"0.0010909091",NA,"ASV75"
"Bacteria|Firmicutes|Clostridia|Clostridiales|Veillonellaceae|Mitsuokella",NA,NA,NA,"0.0000000000",NA,NA,NA,NA,"7.604258e-04",NA,NA,NA,NA,"0.0000000000",NA,NA,NA,NA,"0.0014781056",NA,NA,NA,NA,"1.086411e-03",NA,NA,NA,"0.0014059754",NA,NA,NA,"0.0000000000",NA,NA,NA,"0.000000e+00",NA,NA,NA,NA,"0.0000000000",NA,NA,NA,NA,"0.0000000000",NA,NA,NA,NA,"0.0000000000",NA,NA,NA,NA,"0.0000000000",NA,NA,NA,NA,"0.0000000000",NA,NA,NA,NA,"0.0000000000",NA,NA,NA,NA,"0.0000000000",NA,NA,NA,NA,"0.000000e+00",NA,NA,NA,NA,"0.0000000000",NA,NA,NA,NA,"0.000000e+00",NA,NA,NA,NA,"0.0006151953",NA,NA,NA,NA,"0.0000000000",NA,NA,NA,NA,"0.0000000000",NA,NA,NA,NA,"0.0000000000",NA,NA,NA,NA,"5.194069e-04",NA,NA,NA,NA,"0.0000000000",NA,NA,NA,NA,"0.0000000000",NA,"ASV76"
"Bacteria|Firmicutes|Clostridia|Clostridiales|Veillonellaceae|Selenomonas",NA,NA,NA,"0.0000000000",NA,NA,NA,NA,"0.000000e+00",NA,NA,NA,NA,"0.0000000000",NA,NA,NA,NA,"0.0000000000",NA,NA,NA,NA,"0.000000e+00",NA,NA,NA,"0.0000000000",NA,NA,NA,"0.0000000000",NA,NA,NA,"0.000000e+00",NA,NA,NA,NA,"0.0000000000",NA,NA,NA,NA,"0.0000000000",NA,NA,NA,NA,"0.0000000000",NA,NA,NA,NA,"0.0000000000",NA,NA,NA,NA,"0.0010439094",NA,NA,NA,NA,"0.0000000000",NA,NA,NA,NA,"0.0000000000",NA,NA,NA,NA,"0.000000e+00",NA,NA,NA,NA,"0.0000000000",NA,NA,NA,NA,"0.000000e+00",NA,NA,NA,NA,"0.0000000000",NA,NA,NA,NA,"0.0000000000",NA,NA,NA,NA,"0.0000000000",NA,NA,NA,NA,"0.0000000000",NA,NA,NA,NA,"0.000000e+00",NA,NA,NA,NA,"0.0017356403",NA,NA,NA,NA,"0.0000000000",NA,"ASV77"
"Bacteria|Firmicutes|Bacilli|Lactobacillales|Enterococcaceae|Enterococcus",NA,NA,NA,"0.0000000000",NA,NA,NA,NA,"0.000000e+00",NA,NA,NA,NA,"0.0000000000",NA,NA,NA,NA,"0.0000000000",NA,NA,NA,NA,"0.000000e+00",NA,NA,NA,"0.0000000000",NA,NA,NA,"0.0005089429",NA,NA,NA,"0.000000e+00",NA,NA,NA,NA,"0.0000000000",NA,NA,NA,NA,"0.0000000000",NA,NA,NA,NA,"0.0000000000",NA,NA,NA,NA,"0.0000000000",NA,NA,NA,NA,"0.0000000000",NA,NA,NA,NA,"0.0000000000",NA,NA,NA,NA,"0.0000000000",NA,NA,NA,NA,"0.000000e+00",NA,NA,NA,NA,"0.0004393995",NA,NA,NA,NA,"0.000000e+00",NA,NA,NA,NA,"0.0000000000",NA,NA,NA,NA,"0.0000000000",NA,NA,NA,NA,"0.0000000000",NA,NA,NA,NA,"0.0000000000",NA,NA,NA,NA,"0.000000e+00",NA,NA,NA,NA,"0.0000000000",NA,NA,NA,NA,"0.0000000000",NA,"ASV78"
"Bacteria|Bacteroidetes|Bacteroidia|Bacteroidales|Porphyromonadaceae|Paludibacter",NA,NA,NA,"0.0000000000",NA,NA,NA,NA,"0.000000e+00",NA,NA,NA,NA,"0.0000000000",NA,NA,NA,NA,"0.0000000000",NA,NA,NA,NA,"1.671402e-04",NA,NA,NA,"0.0000000000",NA,NA,NA,"0.0000000000",NA,NA,NA,"0.000000e+00",NA,NA,NA,NA,"0.0000000000",NA,NA,NA,NA,"0.0000000000",NA,NA,NA,NA,"0.0000000000",NA,NA,NA,NA,"0.0003162412",NA,NA,NA,NA,"0.0000000000",NA,NA,NA,NA,"0.0005492781",NA,NA,NA,NA,"0.0000000000",NA,NA,NA,NA,"0.000000e+00",NA,NA,NA,NA,"0.0000000000",NA,NA,NA,NA,"0.000000e+00",NA,NA,NA,NA,"0.0000000000",NA,NA,NA,NA,"0.0000000000",NA,NA,NA,NA,"0.0000000000",NA,NA,NA,NA,"0.0000000000",NA,NA,NA,NA,"0.000000e+00",NA,NA,NA,NA,"0.0000000000",NA,NA,NA,NA,"0.0002077922",NA,"ASV79"
"Bacteria|Firmicutes|Clostridia|Clostridiales|Clostridiaceae|Clostridium",NA,NA,NA,"0.0748518713",NA,NA,NA,NA,"4.614584e-02",NA,NA,NA,NA,"0.0905020033",NA,NA,NA,NA,"0.0801872267",NA,NA,NA,NA,"9.113321e-02",NA,NA,NA,"0.1216168717",NA,NA,NA,"0.0514032282",NA,NA,NA,"9.875720e-02",NA,NA,NA,NA,"0.0865538167",NA,NA,NA,NA,"0.0676837129",NA,NA,NA,NA,"0.1093862816",NA,NA,NA,NA,"0.0886379038",NA,NA,NA,NA,"0.0903634110",NA,NA,NA,NA,"0.0384494664",NA,NA,NA,NA,"0.0781578578",NA,NA,NA,NA,"1.087476e-01",NA,NA,NA,NA,"0.0596850970",NA,NA,NA,NA,"5.757785e-02",NA,NA,NA,NA,"0.1166564134",NA,NA,NA,NA,"0.0603094939",NA,NA,NA,NA,"0.0580902721",NA,NA,NA,NA,"0.0984506384",NA,NA,NA,NA,"8.900746e-02",NA,NA,NA,NA,"0.0848294191",NA,NA,NA,NA,"0.0491948052",NA,"ASV8"
"Bacteria|Proteobacteria|TA18|PHOS-HD29|unclassified_PHOS-HD29|unclassified_PHOS-HD29",NA,NA,NA,"0.0005250131",NA,NA,NA,NA,"0.000000e+00",NA,NA,NA,NA,"0.0000000000",NA,NA,NA,NA,"0.0002463509",NA,NA,NA,NA,"0.000000e+00",NA,NA,NA,"0.0000000000",NA,NA,NA,"0.0000000000",NA,NA,NA,"0.000000e+00",NA,NA,NA,NA,"0.0000000000",NA,NA,NA,NA,"0.0002148689",NA,NA,NA,NA,"0.0004211793",NA,NA,NA,NA,"0.0000000000",NA,NA,NA,NA,"0.0000000000",NA,NA,NA,NA,"0.0000000000",NA,NA,NA,NA,"0.0000000000",NA,NA,NA,NA,"9.963136e-05",NA,NA,NA,NA,"0.0002929330",NA,NA,NA,NA,"2.587768e-04",NA,NA,NA,NA,"0.0000000000",NA,NA,NA,NA,"0.0000000000",NA,NA,NA,NA,"0.0001629461",NA,NA,NA,NA,"0.0000000000",NA,NA,NA,NA,"0.000000e+00",NA,NA,NA,NA,"0.0000000000",NA,NA,NA,NA,"0.0001038961",NA,"ASV80"
"Bacteria|Firmicutes|Clostridia|Clostridiales|Clostridiaceae|unclassified_Clostridiaceae",NA,NA,NA,"0.0000000000",NA,NA,NA,NA,"0.000000e+00",NA,NA,NA,NA,"0.0000000000",NA,NA,NA,NA,"0.0000000000",NA,NA,NA,NA,"1.044626e-03",NA,NA,NA,"0.0000000000",NA,NA,NA,"0.0000000000",NA,NA,NA,"0.000000e+00",NA,NA,NA,NA,"0.0000000000",NA,NA,NA,NA,"0.0000000000",NA,NA,NA,NA,"0.0000000000",NA,NA,NA,NA,"0.0000000000",NA,NA,NA,NA,"0.0000000000",NA,NA,NA,NA,"0.0000000000",NA,NA,NA,NA,"0.0000000000",NA,NA,NA,NA,"0.000000e+00",NA,NA,NA,NA,"0.0000000000",NA,NA,NA,NA,"0.000000e+00",NA,NA,NA,NA,"0.0000000000",NA,NA,NA,NA,"0.0000000000",NA,NA,NA,NA,"0.0000000000",NA,NA,NA,NA,"0.0000000000",NA,NA,NA,NA,"0.000000e+00",NA,NA,NA,NA,"0.0000000000",NA,NA,NA,NA,"0.0000000000",NA,"ASV81"
"Bacteria|Firmicutes|Erysipelotrichi|Erysipelotrichales|Erysipelotrichaceae|L7A_E11",NA,NA,NA,"0.0000000000",NA,NA,NA,NA,"0.000000e+00",NA,NA,NA,NA,"0.0000000000",NA,NA,NA,NA,"0.0000000000",NA,NA,NA,NA,"4.596356e-04",NA,NA,NA,"0.0000000000",NA,NA,NA,"0.0000000000",NA,NA,NA,"0.000000e+00",NA,NA,NA,NA,"0.0000000000",NA,NA,NA,NA,"0.0000000000",NA,NA,NA,NA,"0.0000000000",NA,NA,NA,NA,"0.0000000000",NA,NA,NA,NA,"0.0000000000",NA,NA,NA,NA,"0.0000000000",NA,NA,NA,NA,"0.0000000000",NA,NA,NA,NA,"2.988941e-04",NA,NA,NA,NA,"0.0000000000",NA,NA,NA,NA,"0.000000e+00",NA,NA,NA,NA,"0.0000000000",NA,NA,NA,NA,"0.0000000000",NA,NA,NA,NA,"0.0000000000",NA,NA,NA,NA,"0.0000000000",NA,NA,NA,NA,"0.000000e+00",NA,NA,NA,NA,"0.0000000000",NA,NA,NA,NA,"0.0000000000",NA,"ASV82"
"Bacteria|Firmicutes|Clostridia|Clostridiales|Lachnospiraceae|Clostridium",NA,NA,NA,"0.0000000000",NA,NA,NA,NA,"3.201793e-04",NA,NA,NA,NA,"0.0000000000",NA,NA,NA,NA,"0.0002463509",NA,NA,NA,NA,"0.000000e+00",NA,NA,NA,"0.0000000000",NA,NA,NA,"0.0000000000",NA,NA,NA,"0.000000e+00",NA,NA,NA,NA,"0.0000000000",NA,NA,NA,NA,"0.0000000000",NA,NA,NA,NA,"0.0000000000",NA,NA,NA,NA,"0.0000000000",NA,NA,NA,NA,"0.0000000000",NA,NA,NA,NA,"0.0000000000",NA,NA,NA,NA,"0.0000000000",NA,NA,NA,NA,"3.487098e-04",NA,NA,NA,NA,"0.0000000000",NA,NA,NA,NA,"0.000000e+00",NA,NA,NA,NA,"0.0001922485",NA,NA,NA,NA,"0.0000000000",NA,NA,NA,NA,"0.0000000000",NA,NA,NA,NA,"0.0000000000",NA,NA,NA,NA,"0.000000e+00",NA,NA,NA,NA,"0.0000000000",NA,NA,NA,NA,"0.0000000000",NA,"ASV83"
"Bacteria|unclassified_Bacteria|unclassified_Bacteria|unclassified_Bacteria|unclassified_Bacteria|unclassified_Bacteria",NA,NA,NA,"0.0000000000",NA,NA,NA,NA,"2.001121e-04",NA,NA,NA,NA,"0.0003535235",NA,NA,NA,NA,"0.0000000000",NA,NA,NA,NA,"0.000000e+00",NA,NA,NA,"0.0000000000",NA,NA,NA,"0.0000000000",NA,NA,NA,"0.000000e+00",NA,NA,NA,NA,"0.0011178537",NA,NA,NA,NA,"0.0000000000",NA,NA,NA,NA,"0.0000000000",NA,NA,NA,NA,"0.0000000000",NA,NA,NA,NA,"0.0003262217",NA,NA,NA,NA,"0.0000000000",NA,NA,NA,NA,"0.0002102902",NA,NA,NA,NA,"0.000000e+00",NA,NA,NA,NA,"0.0000000000",NA,NA,NA,NA,"0.000000e+00",NA,NA,NA,NA,"0.0000000000",NA,NA,NA,NA,"0.0000000000",NA,NA,NA,NA,"0.0000000000",NA,NA,NA,NA,"0.0000000000",NA,NA,NA,NA,"1.841534e-03",NA,NA,NA,NA,"0.0000000000",NA,NA,NA,NA,"0.0000000000",NA,"ASV84"
"Bacteria|Firmicutes|Erysipelotrichi|Erysipelotrichales|Erysipelotrichaceae|Sharpea",NA,NA,NA,"0.0000000000",NA,NA,NA,NA,"0.000000e+00",NA,NA,NA,NA,"0.0000000000",NA,NA,NA,NA,"0.0000000000",NA,NA,NA,NA,"1.880328e-03",NA,NA,NA,"0.0000000000",NA,NA,NA,"0.0000000000",NA,NA,NA,"0.000000e+00",NA,NA,NA,NA,"0.0000000000",NA,NA,NA,NA,"0.0000000000",NA,NA,NA,NA,"0.0000000000",NA,NA,NA,NA,"0.0000000000",NA,NA,NA,NA,"0.0000000000",NA,NA,NA,NA,"0.0000000000",NA,NA,NA,NA,"0.0000000000",NA,NA,NA,NA,"0.000000e+00",NA,NA,NA,NA,"0.0000000000",NA,NA,NA,NA,"0.000000e+00",NA,NA,NA,NA,"0.0000000000",NA,NA,NA,NA,"0.0000000000",NA,NA,NA,NA,"0.0000000000",NA,NA,NA,NA,"0.0000000000",NA,NA,NA,NA,"0.000000e+00",NA,NA,NA,NA,"0.0000000000",NA,NA,NA,NA,"0.0000000000",NA,"ASV85"
"Bacteria|Firmicutes|Clostridia|Clostridiales|Lachnospiraceae|Lachnospira",NA,NA,NA,"0.0000000000",NA,NA,NA,NA,"0.000000e+00",NA,NA,NA,NA,"0.0000000000",NA,NA,NA,NA,"0.0000000000",NA,NA,NA,NA,"0.000000e+00",NA,NA,NA,"0.0003514938",NA,NA,NA,"0.0000000000",NA,NA,NA,"0.000000e+00",NA,NA,NA,NA,"0.0000000000",NA,NA,NA,NA,"0.0000000000",NA,NA,NA,NA,"0.0000000000",NA,NA,NA,NA,"0.0000000000",NA,NA,NA,NA,"0.0000000000",NA,NA,NA,NA,"0.0000000000",NA,NA,NA,NA,"0.0000000000",NA,NA,NA,NA,"6.974195e-04",NA,NA,NA,NA,"0.0000000000",NA,NA,NA,NA,"0.000000e+00",NA,NA,NA,NA,"0.0002691480",NA,NA,NA,NA,"0.0000000000",NA,NA,NA,NA,"0.0000000000",NA,NA,NA,NA,"0.0000000000",NA,NA,NA,NA,"0.000000e+00",NA,NA,NA,NA,"0.0000000000",NA,NA,NA,NA,"0.0000000000",NA,"ASV86"
"Bacteria|Proteobacteria|Epsilonproteobacteria|Campylobacterales|Helicobacteraceae|Helicobacter",NA,NA,NA,"0.0000000000",NA,NA,NA,NA,"0.000000e+00",NA,NA,NA,NA,"0.0000000000",NA,NA,NA,NA,"0.0000000000",NA,NA,NA,NA,"0.000000e+00",NA,NA,NA,"0.0000000000",NA,NA,NA,"0.0000000000",NA,NA,NA,"0.000000e+00",NA,NA,NA,NA,"0.0000000000",NA,NA,NA,NA,"0.0000000000",NA,NA,NA,NA,"0.0000000000",NA,NA,NA,NA,"0.0000000000",NA,NA,NA,NA,"0.0000000000",NA,NA,NA,NA,"0.0000000000",NA,NA,NA,NA,"0.0001401935",NA,NA,NA,NA,"0.000000e+00",NA,NA,NA,NA,"0.0002196997",NA,NA,NA,NA,"0.000000e+00",NA,NA,NA,NA,"0.0001922485",NA,NA,NA,NA,"0.0000000000",NA,NA,NA,NA,"0.0000000000",NA,NA,NA,NA,"0.0000000000",NA,NA,NA,NA,"0.000000e+00",NA,NA,NA,NA,"0.0000000000",NA,NA,NA,NA,"0.0000000000",NA,"ASV87"
"Bacteria|Firmicutes|Clostridia|Clostridiales|Lachnospiraceae|Shuttleworthia",NA,NA,NA,"0.0000000000",NA,NA,NA,NA,"0.000000e+00",NA,NA,NA,NA,"0.0000000000",NA,NA,NA,NA,"0.0000000000",NA,NA,NA,NA,"0.000000e+00",NA,NA,NA,"0.0000000000",NA,NA,NA,"0.0000000000",NA,NA,NA,"0.000000e+00",NA,NA,NA,NA,"0.0000000000",NA,NA,NA,NA,"0.0000000000",NA,NA,NA,NA,"0.0000000000",NA,NA,NA,NA,"0.0000000000",NA,NA,NA,NA,"0.0000000000",NA,NA,NA,NA,"0.0000000000",NA,NA,NA,NA,"0.0000000000",NA,NA,NA,NA,"0.000000e+00",NA,NA,NA,NA,"0.0000000000",NA,NA,NA,NA,"0.000000e+00",NA,NA,NA,NA,"0.0023454322",NA,NA,NA,NA,"0.0000000000",NA,NA,NA,NA,"0.0000000000",NA,NA,NA,NA,"0.0000000000",NA,NA,NA,NA,"0.000000e+00",NA,NA,NA,NA,"0.0003254326",NA,NA,NA,NA,"0.0000000000",NA,"ASV88"
"Bacteria|Firmicutes|Clostridia|Clostridiales|Eubacteriaceae|Anaerofustis",NA,NA,NA,"0.0000000000",NA,NA,NA,NA,"0.000000e+00",NA,NA,NA,NA,"0.0000000000",NA,NA,NA,NA,"0.0000000000",NA,NA,NA,NA,"0.000000e+00",NA,NA,NA,"0.0000000000",NA,NA,NA,"0.0000000000",NA,NA,NA,"0.000000e+00",NA,NA,NA,NA,"0.0000000000",NA,NA,NA,NA,"0.0000000000",NA,NA,NA,NA,"0.0000000000",NA,NA,NA,NA,"0.0000000000",NA,NA,NA,NA,"0.0000000000",NA,NA,NA,NA,"0.0003138732",NA,NA,NA,NA,"0.0000000000",NA,NA,NA,NA,"0.000000e+00",NA,NA,NA,NA,"0.0000000000",NA,NA,NA,NA,"0.000000e+00",NA,NA,NA,NA,"0.0000000000",NA,NA,NA,NA,"0.0000000000",NA,NA,NA,NA,"0.0000000000",NA,NA,NA,NA,"0.0000000000",NA,NA,NA,NA,"0.000000e+00",NA,NA,NA,NA,"0.0000000000",NA,NA,NA,NA,"0.0000000000",NA,"ASV89"
"Bacteria|Firmicutes|Bacilli|Lactobacillales|Lactobacillaceae|Lactobacillus",NA,NA,NA,"0.0014250356",NA,NA,NA,NA,"2.901625e-02",NA,NA,NA,NA,"0.0522036295",NA,NA,NA,NA,"0.0202007760",NA,NA,NA,NA,"4.274611e-02",NA,NA,NA,"0.0302724077",NA,NA,NA,"0.0005089429",NA,NA,NA,"1.156135e-01",NA,NA,NA,NA,"0.0108591504",NA,NA,NA,NA,"0.0800386764",NA,NA,NA,NA,"0.0429001203",NA,NA,NA,NA,"0.0194714253",NA,NA,NA,NA,"0.0536308475",NA,NA,NA,NA,"0.0003138732",NA,NA,NA,NA,"0.0091125754",NA,NA,NA,NA,"1.823254e-02",NA,NA,NA,NA,"0.0051995606",NA,NA,NA,NA,"2.044337e-02",NA,NA,NA,NA,"0.0627114734",NA,NA,NA,NA,"0.0014219992",NA,NA,NA,NA,"0.0331595242",NA,NA,NA,NA,"0.0417704765",NA,NA,NA,NA,"4.155255e-03",NA,NA,NA,NA,"0.0156207626",NA,NA,NA,NA,"0.0000000000",NA,"ASV9"
"Bacteria|Firmicutes|Clostridia|Clostridiales|[Tissierellaceae]|Anaerococcus",NA,NA,NA,"0.0000000000",NA,NA,NA,NA,"0.000000e+00",NA,NA,NA,NA,"0.0011784115",NA,NA,NA,NA,"0.0000000000",NA,NA,NA,NA,"0.000000e+00",NA,NA,NA,"0.0000000000",NA,NA,NA,"0.0000000000",NA,NA,NA,"1.428503e-04",NA,NA,NA,NA,"0.0000000000",NA,NA,NA,NA,"0.0000000000",NA,NA,NA,NA,"0.0003008424",NA,NA,NA,NA,"0.0000000000",NA,NA,NA,NA,"0.0000000000",NA,NA,NA,NA,"0.0000000000",NA,NA,NA,NA,"0.0000000000",NA,NA,NA,NA,"0.000000e+00",NA,NA,NA,NA,"0.0000000000",NA,NA,NA,NA,"5.606832e-04",NA,NA,NA,NA,"0.0000000000",NA,NA,NA,NA,"0.0002509410",NA,NA,NA,NA,"0.0000000000",NA,NA,NA,NA,"0.0000000000",NA,NA,NA,NA,"0.000000e+00",NA,NA,NA,NA,"0.0000000000",NA,NA,NA,NA,"0.0000000000",NA,"ASV90"
"Bacteria|Proteobacteria|Betaproteobacteria|Rhodocyclales|Rhodocyclaceae|unclassified_Rhodocyclaceae",NA,NA,NA,"0.0000000000",NA,NA,NA,NA,"0.000000e+00",NA,NA,NA,NA,"0.0000000000",NA,NA,NA,NA,"0.0000000000",NA,NA,NA,NA,"0.000000e+00",NA,NA,NA,"0.0000000000",NA,NA,NA,"0.0000000000",NA,NA,NA,"0.000000e+00",NA,NA,NA,NA,"0.0000000000",NA,NA,NA,NA,"0.0000000000",NA,NA,NA,NA,"0.0003610108",NA,NA,NA,NA,"0.0000000000",NA,NA,NA,NA,"0.0000000000",NA,NA,NA,NA,"0.0000000000",NA,NA,NA,NA,"0.0000000000",NA,NA,NA,NA,"0.000000e+00",NA,NA,NA,NA,"0.0000000000",NA,NA,NA,NA,"2.587768e-04",NA,NA,NA,NA,"0.0000000000",NA,NA,NA,NA,"0.0000000000",NA,NA,NA,NA,"0.0000000000",NA,NA,NA,NA,"0.0001946434",NA,NA,NA,NA,"0.000000e+00",NA,NA,NA,NA,"0.0000000000",NA,NA,NA,NA,"0.0000000000",NA,"ASV91"
"Bacteria|Firmicutes|Clostridia|Clostridiales|Lachnospiraceae|Pseudobutyrivibrio",NA,NA,NA,"0.0000000000",NA,NA,NA,NA,"0.000000e+00",NA,NA,NA,NA,"0.0008248881",NA,NA,NA,NA,"0.0004311141",NA,NA,NA,NA,"4.596356e-04",NA,NA,NA,"0.0000000000",NA,NA,NA,"0.0000000000",NA,NA,NA,"0.000000e+00",NA,NA,NA,NA,"0.0000000000",NA,NA,NA,NA,"0.0000000000",NA,NA,NA,NA,"0.0000000000",NA,NA,NA,NA,"0.0000000000",NA,NA,NA,NA,"0.0000000000",NA,NA,NA,NA,"0.0000000000",NA,NA,NA,NA,"0.0000000000",NA,NA,NA,NA,"0.000000e+00",NA,NA,NA,NA,"0.0000000000",NA,NA,NA,NA,"0.000000e+00",NA,NA,NA,NA,"0.0000000000",NA,NA,NA,NA,"0.0005018821",NA,NA,NA,NA,"0.0000000000",NA,NA,NA,NA,"0.0000000000",NA,NA,NA,NA,"0.000000e+00",NA,NA,NA,NA,"0.0000000000",NA,NA,NA,NA,"0.0000000000",NA,"ASV92"
"Bacteria|Actinobacteria|Actinobacteria|Actinomycetales|Corynebacteriaceae|Corynebacterium",NA,NA,NA,"0.0000000000",NA,NA,NA,NA,"0.000000e+00",NA,NA,NA,NA,"0.0000000000",NA,NA,NA,NA,"0.0000000000",NA,NA,NA,NA,"1.253552e-04",NA,NA,NA,"0.0000000000",NA,NA,NA,"0.0000000000",NA,NA,NA,"0.000000e+00",NA,NA,NA,NA,"0.0000000000",NA,NA,NA,NA,"0.0000000000",NA,NA,NA,NA,"0.0000000000",NA,NA,NA,NA,"0.0003614186",NA,NA,NA,NA,"0.0002609774",NA,NA,NA,NA,"0.0000000000",NA,NA,NA,NA,"0.0000000000",NA,NA,NA,NA,"0.000000e+00",NA,NA,NA,NA,"0.0002929330",NA,NA,NA,NA,"0.000000e+00",NA,NA,NA,NA,"0.0001537988",NA,NA,NA,NA,"0.0000000000",NA,NA,NA,NA,"0.0000000000",NA,NA,NA,NA,"0.0000000000",NA,NA,NA,NA,"1.888752e-04",NA,NA,NA,NA,"0.0000000000",NA,NA,NA,NA,"0.0007272727",NA,"ASV93"
"Bacteria|Proteobacteria|Deltaproteobacteria|GMD14H09|unclassified_GMD14H09|unclassified_GMD14H09",NA,NA,NA,"0.0000000000",NA,NA,NA,NA,"8.004483e-05",NA,NA,NA,NA,"0.0000000000",NA,NA,NA,NA,"0.0000000000",NA,NA,NA,NA,"9.610563e-04",NA,NA,NA,"0.0000000000",NA,NA,NA,"0.0000000000",NA,NA,NA,"9.523356e-05",NA,NA,NA,NA,"0.0000000000",NA,NA,NA,NA,"0.0005371723",NA,NA,NA,NA,"0.0000000000",NA,NA,NA,NA,"0.0002258866",NA,NA,NA,NA,"0.0002609774",NA,NA,NA,NA,"0.0000000000",NA,NA,NA,NA,"0.0000000000",NA,NA,NA,NA,"0.000000e+00",NA,NA,NA,NA,"0.0003661662",NA,NA,NA,NA,"0.000000e+00",NA,NA,NA,NA,"0.0000000000",NA,NA,NA,NA,"0.0000000000",NA,NA,NA,NA,"0.0000000000",NA,NA,NA,NA,"0.0001557147",NA,NA,NA,NA,"0.000000e+00",NA,NA,NA,NA,"0.0000000000",NA,NA,NA,NA,"0.0000000000",NA,"ASV94"
"Bacteria|Firmicutes|Clostridia|Clostridiales|Veillonellaceae|Anaerovibrio",NA,NA,NA,"0.0000000000",NA,NA,NA,NA,"6.403586e-04",NA,NA,NA,NA,"0.0000000000",NA,NA,NA,NA,"0.0008006405",NA,NA,NA,NA,"0.000000e+00",NA,NA,NA,"0.0000000000",NA,NA,NA,"0.0008724735",NA,NA,NA,"0.000000e+00",NA,NA,NA,NA,"0.0000000000",NA,NA,NA,NA,"0.0000000000",NA,NA,NA,NA,"0.0000000000",NA,NA,NA,NA,"0.0000000000",NA,NA,NA,NA,"0.0000000000",NA,NA,NA,NA,"0.0000000000",NA,NA,NA,NA,"0.0000000000",NA,NA,NA,NA,"0.000000e+00",NA,NA,NA,NA,"0.0000000000",NA,NA,NA,NA,"0.000000e+00",NA,NA,NA,NA,"0.0000000000",NA,NA,NA,NA,"0.0009201171",NA,NA,NA,NA,"0.0000000000",NA,NA,NA,NA,"0.0000000000",NA,NA,NA,NA,"0.000000e+00",NA,NA,NA,NA,"0.0000000000",NA,NA,NA,NA,"0.0000000000",NA,"ASV95"
"Bacteria|Firmicutes|Clostridia|Clostridiales|Lachnospiraceae|Butyrivibrio",NA,NA,NA,"0.0000000000",NA,NA,NA,NA,"0.000000e+00",NA,NA,NA,NA,"0.0000000000",NA,NA,NA,NA,"0.0000000000",NA,NA,NA,NA,"0.000000e+00",NA,NA,NA,"0.0000000000",NA,NA,NA,"0.0000000000",NA,NA,NA,"0.000000e+00",NA,NA,NA,NA,"0.0000000000",NA,NA,NA,NA,"0.0000000000",NA,NA,NA,NA,"0.0004813478",NA,NA,NA,NA,"0.0000000000",NA,NA,NA,NA,"0.0007829321",NA,NA,NA,NA,"0.0000000000",NA,NA,NA,NA,"0.0000000000",NA,NA,NA,NA,"5.977882e-04",NA,NA,NA,NA,"0.0000000000",NA,NA,NA,NA,"3.019063e-04",NA,NA,NA,NA,"0.0000000000",NA,NA,NA,NA,"0.0000000000",NA,NA,NA,NA,"0.0000000000",NA,NA,NA,NA,"0.0000000000",NA,NA,NA,NA,"0.000000e+00",NA,NA,NA,NA,"0.0000000000",NA,NA,NA,NA,"0.0000000000",NA,"ASV96"
"Bacteria|Firmicutes|Erysipelotrichi|Erysipelotrichales|Erysipelotrichaceae|RFN20",NA,NA,NA,"0.0000000000",NA,NA,NA,NA,"0.000000e+00",NA,NA,NA,NA,"0.0000000000",NA,NA,NA,NA,"0.0001847632",NA,NA,NA,NA,"0.000000e+00",NA,NA,NA,"0.0000000000",NA,NA,NA,"0.0000000000",NA,NA,NA,"0.000000e+00",NA,NA,NA,NA,"0.0000000000",NA,NA,NA,NA,"0.0000000000",NA,NA,NA,NA,"0.0000000000",NA,NA,NA,NA,"0.0000000000",NA,NA,NA,NA,"0.0000000000",NA,NA,NA,NA,"0.0000000000",NA,NA,NA,NA,"0.0000000000",NA,NA,NA,NA,"0.000000e+00",NA,NA,NA,NA,"0.0004393995",NA,NA,NA,NA,"1.293884e-04",NA,NA,NA,NA,"0.0000000000",NA,NA,NA,NA,"0.0000000000",NA,NA,NA,NA,"0.0000000000",NA,NA,NA,NA,"0.0000000000",NA,NA,NA,NA,"1.888752e-04",NA,NA,NA,NA,"0.0000000000",NA,NA,NA,NA,"0.0000000000",NA,"ASV97"
"Bacteria|Verrucomicrobia|Verruco-5|WCHB1-41|WCHB1-25|unclassified_WCHB1-25",NA,NA,NA,"0.0000000000",NA,NA,NA,NA,"0.000000e+00",NA,NA,NA,NA,"0.0000000000",NA,NA,NA,NA,"0.0000000000",NA,NA,NA,NA,"0.000000e+00",NA,NA,NA,"0.0000000000",NA,NA,NA,"0.0000000000",NA,NA,NA,"0.000000e+00",NA,NA,NA,NA,"0.0000000000",NA,NA,NA,NA,"0.0000000000",NA,NA,NA,NA,"0.0000000000",NA,NA,NA,NA,"0.0000000000",NA,NA,NA,NA,"0.0000000000",NA,NA,NA,NA,"0.0003923415",NA,NA,NA,NA,"0.0000000000",NA,NA,NA,NA,"0.000000e+00",NA,NA,NA,NA,"0.0000000000",NA,NA,NA,NA,"0.000000e+00",NA,NA,NA,NA,"0.0000000000",NA,NA,NA,NA,"0.0000000000",NA,NA,NA,NA,"0.0000000000",NA,NA,NA,NA,"0.0001557147",NA,NA,NA,NA,"1.416564e-04",NA,NA,NA,NA,"0.0000000000",NA,NA,NA,NA,"0.0002597403",NA,"ASV98"
"Bacteria|Firmicutes|Clostridia|Clostridiales|Veillonellaceae|Dialister",NA,NA,NA,"0.0000000000",NA,NA,NA,NA,"0.000000e+00",NA,NA,NA,NA,"0.0000000000",NA,NA,NA,NA,"0.0000000000",NA,NA,NA,NA,"0.000000e+00",NA,NA,NA,"0.0000000000",NA,NA,NA,"0.0000000000",NA,NA,NA,"0.000000e+00",NA,NA,NA,NA,"0.0000000000",NA,NA,NA,NA,"0.0000000000",NA,NA,NA,NA,"0.0000000000",NA,NA,NA,NA,"0.0000000000",NA,NA,NA,NA,"0.0007829321",NA,NA,NA,NA,"0.0000000000",NA,NA,NA,NA,"0.0000000000",NA,NA,NA,NA,"0.000000e+00",NA,NA,NA,NA,"0.0000000000",NA,NA,NA,NA,"0.000000e+00",NA,NA,NA,NA,"0.0001922485",NA,NA,NA,NA,"0.0000000000",NA,NA,NA,NA,"0.0000000000",NA,NA,NA,NA,"0.0000000000",NA,NA,NA,NA,"0.000000e+00",NA,NA,NA,NA,"0.0005966263",NA,NA,NA,NA,"0.0000000000",NA,"ASV99"
